SEA1TPMPX01,8005,jetty-cds,/usr/java/latest/bin/java -Dcom.sun.management.jmxremote -Dcom.sun.management.jmxremote.port=8005 -Dcom.sun.management.jmxremote.authenticate=false -Dcom.sun.management.jmxremote.ssl=false -Dtheplatform.log.dir=/var/log/app -Djava.library.path=/app/jetty-cds/lib/ext -Dlogback.configurationFile=file:/app/jetty-cds/config/logback.xml -Xmx1024m -Xms1024m -XX:MaxPermSize=256m -XX:NewSize=128m -XX:MaxNewSize=512M -XX:+UseConcMarkSweepGC -XX:+CMSPermGenSweepingEnabled -XX:+CMSClassUnloadingEnabled -Djetty.home=/app/jetty-cds -Djetty.config=/app/jetty-cds/config -jar /app/jetty-cds/start.jar /app/jetty-cds/etc/jetty-setuid.xml /app/jetty-cds/etc/jetty-cds.xml
SEA1TPMPX01,8004,jetty-manage,/usr/java/latest/bin/java -Dcom.sun.management.jmxremote -Dcom.sun.management.jmxremote.port=8004 -Dcom.sun.management.jmxremote.authenticate=false -Dcom.sun.management.jmxremote.ssl=false -Dtheplatform.log.dir=/var/log/app -Djava.library.path=/app/jetty-manage/lib/ext -Xmx1024m -Xms1024m -XX:MaxPermSize=128m -XX:NewSize=256m -XX:MaxNewSize=512M -XX:+UseConcMarkSweepGC -XX:+CMSPermGenSweepingEnabled -XX:+CMSClassUnloadingEnabled -Djetty.home=/app/jetty-manage -Djetty.config=/app/jetty-manage/config -jar /app/jetty-manage/start.jar /app/jetty-manage/etc/jetty-setuid.xml /app/jetty-manage/etc/jetty-manage.xml
SEA1TPMPX02,8004,jetty-manage,/usr/java/latest/bin/java -Dcom.sun.management.jmxremote -Dcom.sun.management.jmxremote.port=8004 -Dcom.sun.management.jmxremote.authenticate=false -Dcom.sun.management.jmxremote.ssl=false -Dtheplatform.log.dir=/var/log/app -Djava.library.path=/app/jetty-manage/lib/ext -Xmx1024m -Xms1024m -XX:MaxPermSize=128m -XX:NewSize=256m -XX:MaxNewSize=512M -XX:+UseConcMarkSweepGC -XX:+CMSPermGenSweepingEnabled -XX:+CMSClassUnloadingEnabled -Djetty.home=/app/jetty-manage -Djetty.config=/app/jetty-manage/config -jar /app/jetty-manage/start.jar /app/jetty-manage/etc/jetty-setuid.xml /app/jetty-manage/etc/jetty-manage.xml
SEA1TPMPX02,8005,jetty-cds,/usr/java/latest/bin/java -Dcom.sun.management.jmxremote -Dcom.sun.management.jmxremote.port=8005 -Dcom.sun.management.jmxremote.authenticate=false -Dcom.sun.management.jmxremote.ssl=false -Dtheplatform.log.dir=/var/log/app -Djava.library.path=/app/jetty-cds/lib/ext -Dlogback.configurationFile=file:/app/jetty-cds/config/logback.xml -Xmx1024m -Xms1024m -XX:MaxPermSize=256m -XX:NewSize=128m -XX:MaxNewSize=512M -XX:+UseConcMarkSweepGC -XX:+CMSPermGenSweepingEnabled -XX:+CMSClassUnloadingEnabled -Djetty.home=/app/jetty-cds -Djetty.config=/app/jetty-cds/config -jar /app/jetty-cds/start.jar /app/jetty-cds/etc/jetty-setuid.xml /app/jetty-cds/etc/jetty-cds.xml
SEA1TPMPX91,8005,jetty-cds,/usr/java/latest/bin/java -Dcom.sun.management.jmxremote -Dcom.sun.management.jmxremote.port=8005 -Dcom.sun.management.jmxremote.authenticate=false -Dcom.sun.management.jmxremote.ssl=false -Dtheplatform.log.dir=/var/log/app -Djava.library.path=/app/jetty-cds/lib/ext -Dlogback.configurationFile=file:/app/jetty-cds/config/logback.xml -Xmx1024m -Xms1024m -XX:MaxPermSize=256m -XX:NewSize=128m -XX:MaxNewSize=512M -XX:+UseConcMarkSweepGC -XX:+CMSPermGenSweepingEnabled -XX:+CMSClassUnloadingEnabled -Djetty.home=/app/jetty-cds -Djetty.config=/app/jetty-cds/config -jar /app/jetty-cds/start.jar /app/jetty-cds/etc/jetty-setuid.xml /app/jetty-cds/etc/jetty-cds.xml
sea1tpdelcfg01,8004,jetty-feeddata,/usr/java/latest/bin/java -Dcom.sun.management.jmxremote -Dcom.sun.management.jmxremote.port=8004 -Dcom.sun.management.jmxremote.authenticate=false -Dcom.sun.management.jmxremote.ssl=false -Dtheplatform.log.dir=/var/log/app -Djava.library.path=/app/jetty-feeddata/lib/ext -Dlogback.configurationFile=file:/app/jetty-feeddata/config/logback.xml -Xmx1536m -Xms1536m -XX:MaxPermSize=512m -XX:NewSize=128m -XX:MaxNewSize=512M -XX:+UseConcMarkSweepGC -XX:+CMSPermGenSweepingEnabled -XX:+CMSClassUnloadingEnabled -Djetty.home=/app/jetty-feeddata -Djetty.config=/app/jetty-feeddata/config -jar /app/jetty-feeddata/start.jar /app/jetty-feeddata/etc/jetty-setuid.xml /app/jetty-feeddata/etc/jetty-feeddata.xml
sea1tpdelcfg02,8004,jetty-feeddata,/usr/java/latest/bin/java -Dcom.sun.management.jmxremote -Dcom.sun.management.jmxremote.port=8004 -Dcom.sun.management.jmxremote.authenticate=false -Dcom.sun.management.jmxremote.ssl=false -Dtheplatform.log.dir=/var/log/app -Djava.library.path=/app/jetty-feeddata/lib/ext -Dlogback.configurationFile=file:/app/jetty-feeddata/config/logback.xml -Xmx1536m -Xms1536m -XX:MaxPermSize=512m -XX:NewSize=128m -XX:MaxNewSize=512M -XX:+UseConcMarkSweepGC -XX:+CMSPermGenSweepingEnabled -XX:+CMSClassUnloadingEnabled -Djetty.home=/app/jetty-feeddata -Djetty.config=/app/jetty-feeddata/config -jar /app/jetty-feeddata/start.jar /app/jetty-feeddata/etc/jetty-setuid.xml /app/jetty-feeddata/etc/jetty-feeddata.xml
SEA1TPRPT01,8004,jetty-comrpt,/usr/java/latest/bin/java -Dcom.sun.management.jmxremote -Dcom.sun.management.jmxremote.port=8004 -Dcom.sun.management.jmxremote.authenticate=false -Dcom.sun.management.jmxremote.ssl=false -Dtheplatform.log.dir=/var/log/app -Djava.library.path=/app/jetty-comrpt/lib/ext -Xmx768m -Xms768m -XX:MaxPermSize=192m -XX:NewSize=256m -XX:MaxNewSize=512M -XX:+UseConcMarkSweepGC -XX:+CMSPermGenSweepingEnabled -XX:+CMSClassUnloadingEnabled -Djetty.home=/app/jetty-comrpt -Djetty.config=/app/jetty-comrpt/config -jar /app/jetty-comrpt/start.jar /app/jetty-comrpt/etc/jetty-setuid.xml /app/jetty-comrpt/etc/jetty-comrpt.xml
SEA1TPRPT02,8004,jetty-comrpt,/usr/java/latest/bin/java -Dcom.sun.management.jmxremote -Dcom.sun.management.jmxremote.port=8004 -Dcom.sun.management.jmxremote.authenticate=false -Dcom.sun.management.jmxremote.ssl=false -Dtheplatform.log.dir=/var/log/app -Djava.library.path=/app/jetty-comrpt/lib/ext -Xmx768m -Xms768m -XX:MaxPermSize=192m -XX:NewSize=256m -XX:MaxNewSize=512M -XX:+UseConcMarkSweepGC -XX:+CMSPermGenSweepingEnabled -XX:+CMSClassUnloadingEnabled -Djetty.home=/app/jetty-comrpt -Djetty.config=/app/jetty-comrpt/config -jar /app/jetty-comrpt/start.jar /app/jetty-comrpt/etc/jetty-setuid.xml /app/jetty-comrpt/etc/jetty-comrpt.xml
SEA1TPTASKSVC01,8004,jetty-tasksvc,/usr/java/latest/bin/java -Dcom.sun.management.jmxremote -Dcom.sun.management.jmxremote.port=8004 -Dcom.sun.management.jmxremote.authenticate=false -Dcom.sun.management.jmxremote.ssl=false -Dtheplatform.log.dir=/var/log/app -Dlogback.configurationFile=file:/app/jetty-tasksvc/config/logback.xml -Djava.library.path=/app/jetty-tasksvc/lib/ext -Xmx1024m -Xms1024m -XX:MaxPermSize=512m -XX:NewSize=128m -XX:MaxNewSize=512M -XX:+UseConcMarkSweepGC -XX:+CMSPermGenSweepingEnabled -XX:+CMSClassUnloadingEnabled -Djetty.home=/app/jetty-tasksvc -Djetty.config=/app/jetty-tasksvc/config -jar /app/jetty-tasksvc/start.jar /app/jetty-tasksvc/etc/jetty-setuid.xml /app/jetty-tasksvc/etc/jetty-tasksvc.xml
SEA1TPTASKSVC02,8004,jetty-tasksvc,/usr/java/latest/bin/java -Dcom.sun.management.jmxremote -Dcom.sun.management.jmxremote.port=8004 -Dcom.sun.management.jmxremote.authenticate=false -Dcom.sun.management.jmxremote.ssl=false -Dtheplatform.log.dir=/var/log/app -Dlogback.configurationFile=file:/app/jetty-tasksvc/config/logback.xml -Djava.library.path=/app/jetty-tasksvc/lib/ext -Xmx1024m -Xms1024m -XX:MaxPermSize=512m -XX:NewSize=128m -XX:MaxNewSize=512M -XX:+UseConcMarkSweepGC -XX:+CMSPermGenSweepingEnabled -XX:+CMSClassUnloadingEnabled -Djetty.home=/app/jetty-tasksvc -Djetty.config=/app/jetty-tasksvc/config -jar /app/jetty-tasksvc/start.jar /app/jetty-tasksvc/etc/jetty-setuid.xml /app/jetty-tasksvc/etc/jetty-tasksvc.xml
SEA1TPTASKSVC91,8004,jetty-tasksvc,/usr/java/latest/bin/java -Dcom.sun.management.jmxremote -Dcom.sun.management.jmxremote.port=8004 -Dcom.sun.management.jmxremote.authenticate=false -Dcom.sun.management.jmxremote.ssl=false -Dtheplatform.log.dir=/var/log/app -Dlogback.configurationFile=file:/app/jetty-tasksvc/config/logback.xml -Djava.library.path=/app/jetty-tasksvc/lib/ext -Xmx1024m -Xms1024m -XX:MaxPermSize=512m -XX:NewSize=128m -XX:MaxNewSize=512M -XX:+UseConcMarkSweepGC -XX:+CMSPermGenSweepingEnabled -XX:+CMSClassUnloadingEnabled -Djetty.home=/app/jetty-tasksvc -Djetty.config=/app/jetty-tasksvc/config -jar /app/jetty-tasksvc/start.jar /app/jetty-tasksvc/etc/jetty-setuid.xml /app/jetty-tasksvc/etc/jetty-tasksvc.xml
SEA1TPMQ03,8004,___,/usr/java/jdk1.5.0_14/jre/bin/java -Dweblogic.Name=sea1tpmq03 -Djava.security.policy=/home/bea/wlserver_10.0/server/lib/weblogic.policy -Dweblogic.management.server=http://10.1.49.143:7001 -Djava.library.path=/usr/java/jdk1.5.0_14/jre/lib/amd64/server:/usr/java/jdk1.5.0_14/jre/lib/amd64:/usr/java/jdk1.5.0_14/jre/../lib/amd64::/home/bea/wlserver_10.0/server/native/linux/x86_64:/home/bea/wlserver_10.0/server/native/linux/x86_64/oci920_8 -Djava.class.path=/home/bea/wlserver_10.0/server/lib/weblogic_sp.jar:/home/bea/wlserver_10.0/server/lib/weblogic.jar -Dweblogic.system.BootIdentityFile=/home/bea/user_projects/domains/tp_jmsdomain/servers/sea1tpmq03/data/nodemanager/boot.properties -Dweblogic.nodemanager.ServiceEnabled=true -Dweblogic.security.SSL.ignoreHostnameVerification=true -Dweblogic.ReverseDNSAllowed=false -Xmx13312m -Xms13312m -XX:MaxPermSize=8196m -Dcom.sun.management.jmxremote -Dcom.sun.management.jmxremote.port=8004 -Dcom.sun.management.jmxremote.authenticate=false -Dcom.sun.management.jmxremote.ssl=false weblogic.Server
SEA1TPMQ03,___,___,/bin/sh ./startNodeManager.sh
SEA1TPMQ03,___,___,/usr/java/jdk1.5.0_14/bin/java -client -Xms32m -Xmx200m -XX:MaxPermSize=128m -Xverify:none -Djava.security.policy=/home/bea/wlserver_10.0/server/lib/weblogic.policy -Dweblogic.nodemanager.javaHome=/usr/java/jdk1.5.0_14 weblogic.NodeManager -v
SEA1TPMQ03,___,___,/bin/sh ./startWebLogic.sh
SEA1TPMQ03,___,___,/usr/java/jdk1.5.0_14/bin/java -client -Xms2048m -Xmx2048m -XX:CompileThreshold=8000 -XX:PermSize=48m -XX:MaxPermSize=1024m -Xverify:none -da -Dplatform.home=/home/bea/wlserver_10.0 -Dwls.home=/home/bea/wlserver_10.0/server -Dweblogic.home=/home/bea/wlserver_10.0/server -Dwli.home=/home/bea/wlserver_10.0/integration -Dweblogic.management.discover=true -Dwlw.iterativeDev= -Dwlw.testConsole= -Dwlw.logErrorsToConsole= -Dweblogic.ext.dirs=/home/bea/patch_wls1001/profiles/default/sysext_manifest_classpath -Dweblogic.Name=AdminServer -Djava.security.policy=/home/bea/wlserver_10.0/server/lib/weblogic.policy weblogic.Server
SEA1TPMQ04,___,___,/bin/sh ./startNodeManager.sh
SEA1TPMQ04,___,___,/usr/java/jdk1.5.0_14/bin/java -client -Xms32m -Xmx200m -XX:MaxPermSize=128m -Xverify:none -Djava.security.policy=/home/bea/wlserver_10.0/server/lib/weblogic.policy -Dweblogic.nodemanager.javaHome=/usr/java/jdk1.5.0_14 weblogic.NodeManager -v
SEA1TPMQ04,8004,___,/usr/java/jdk1.5.0_14/jre/bin/java -Dweblogic.Name=sea1tpmq04 -Djava.security.policy=/home/bea/wlserver_10.0/server/lib/weblogic.policy -Dweblogic.management.server=http://10.1.49.143:7001 -Djava.library.path=/usr/java/jdk1.5.0_14/jre/lib/amd64/server:/usr/java/jdk1.5.0_14/jre/lib/amd64:/usr/java/jdk1.5.0_14/jre/../lib/amd64::/home/bea/wlserver_10.0/server/native/linux/x86_64:/home/bea/wlserver_10.0/server/native/linux/x86_64/oci920_8 -Djava.class.path=/home/bea/wlserver_10.0/server/lib/weblogic_sp.jar:/home/bea/wlserver_10.0/server/lib/weblogic.jar -Dweblogic.system.BootIdentityFile=/home/bea/user_projects/domains/tp_jmsdomain/servers/sea1tpmq04/data/nodemanager/boot.properties -Dweblogic.nodemanager.ServiceEnabled=true -Dweblogic.security.SSL.ignoreHostnameVerification=true -Dweblogic.ReverseDNSAllowed=false -Xmx12288m -Xms12288m -XX:MaxPermSize=8196m -Dcom.sun.management.jmxremote -Dcom.sun.management.jmxremote.port=8004 -Dcom.sun.management.jmxremote.authenticate=false -Dcom.sun.management.jmxremote.ssl=false weblogic.Server
sea1tpingest01,___,___,/bin/bash ./ingest_start.sh
sea1tpingest01,8080,.:./libs/pl-ingest-securitymanager.jar:org.eclipse.osgi.jar,java -cp .:./libs/pl-ingest-securitymanager.jar:org.eclipse.osgi.jar -Dcom.sun.management.jmxremote -Dcom.sun.management.jmxremote.port=8004 -Dcom.sun.management.jmxremote.authenticate=false -Dcom.sun.management.jmxremote.ssl=false -Djava.security.manager=com.theplatform.ingest.security.IngestServiceSecurityManager -Xms1024m -Xmx1024m -XX:MaxPermSize=256m -XX:NewSize=128m -XX:MaxNewSize=256M -XX:+UseConcMarkSweepGC -XX:+CMSPermGenSweepingEnabled -XX:+CMSClassUnloadingEnabled -Djava.security.policy=ingest-service.policy -Dlog4j.configuration=file:///app/ingest-service/log4j.xml -Dtheplatform.log.dir=/var/log/app -Djetty.logs=/var/log/app -Djetty.port=8080 -Ddynamicdeploy.directory=../deployables org.eclipse.core.runtime.adaptor.EclipseStarter
sea1tpingest01,8005,jetty-ingest-adapter,/usr/java/latest/bin/java -Dcom.sun.management.jmxremote -Dcom.sun.management.jmxremote.port=8005 -Dcom.sun.management.jmxremote.authenticate=false -Dcom.sun.management.jmxremote.ssl=false -Dtheplatform.log.dir=/var/log/app -Dlogback.configurationFile=file:/app/jetty-ingest-adapter/config/logback.xml -Djava.library.path=/app/jetty-ingest-adapter/lib/ext -Xmx1024m -Xms1024m -XX:MaxPermSize=512m -XX:NewSize=128m -XX:MaxNewSize=512M -XX:+UseConcMarkSweepGC -XX:+CMSPermGenSweepingEnabled -XX:+CMSClassUnloadingEnabled -Djetty.home=/app/jetty-ingest-adapter -Djetty.config=/app/jetty-ingest-adapter/config -jar /app/jetty-ingest-adapter/start.jar /app/jetty-ingest-adapter/etc/jetty-setuid.xml /app/jetty-ingest-adapter/etc/jetty-ingest-adapter.xml
sea1tpingest02,8005,jetty-ingest-adapter,/usr/java/latest/bin/java -Dcom.sun.management.jmxremote -Dcom.sun.management.jmxremote.port=8005 -Dcom.sun.management.jmxremote.authenticate=false -Dcom.sun.management.jmxremote.ssl=false -Dtheplatform.log.dir=/var/log/app -Dlogback.configurationFile=file:/app/jetty-ingest-adapter/config/logback.xml -Djava.library.path=/app/jetty-ingest-adapter/lib/ext -Xmx1024m -Xms1024m -XX:MaxPermSize=512m -XX:NewSize=128m -XX:MaxNewSize=512M -XX:+UseConcMarkSweepGC -XX:+CMSPermGenSweepingEnabled -XX:+CMSClassUnloadingEnabled -Djetty.home=/app/jetty-ingest-adapter -Djetty.config=/app/jetty-ingest-adapter/config -jar /app/jetty-ingest-adapter/start.jar /app/jetty-ingest-adapter/etc/jetty-setuid.xml /app/jetty-ingest-adapter/etc/jetty-ingest-adapter.xml
sea1tpingest02,___,___,/bin/bash ./ingest_start.sh
sea1tpingest02,8080,.:./libs/pl-ingest-securitymanager.jar:org.eclipse.osgi.jar,java -cp .:./libs/pl-ingest-securitymanager.jar:org.eclipse.osgi.jar -Dcom.sun.management.jmxremote -Dcom.sun.management.jmxremote.port=8004 -Dcom.sun.management.jmxremote.authenticate=false -Dcom.sun.management.jmxremote.ssl=false -Djava.security.manager=com.theplatform.ingest.security.IngestServiceSecurityManager -Xms1024m -Xmx1024m -XX:MaxPermSize=256m -XX:NewSize=128m -XX:MaxNewSize=256M -XX:+UseConcMarkSweepGC -XX:+CMSPermGenSweepingEnabled -XX:+CMSClassUnloadingEnabled -Djava.security.policy=ingest-service.policy -Dlog4j.configuration=file:///app/ingest-service/log4j.xml -Dtheplatform.log.dir=/var/log/app -Djetty.logs=/var/log/app -Djetty.port=8080 -Ddynamicdeploy.directory=../deployables org.eclipse.core.runtime.adaptor.EclipseStarter
Sea1tpingest91,8005,jetty-ingest-adapter,/usr/java/latest/bin/java -Dcom.sun.management.jmxremote -Dcom.sun.management.jmxremote.port=8005 -Dcom.sun.management.jmxremote.authenticate=false -Dcom.sun.management.jmxremote.ssl=false -Dtheplatform.log.dir=/var/log/app -Dlogback.configurationFile=file:/app/jetty-ingest-adapter/config/logback.xml -Djava.library.path=/app/jetty-ingest-adapter/lib/ext -Xmx1024m -Xms1024m -XX:MaxPermSize=512m -XX:NewSize=128m -XX:MaxNewSize=512M -XX:+UseConcMarkSweepGC -XX:+CMSPermGenSweepingEnabled -XX:+CMSClassUnloadingEnabled -Djetty.home=/app/jetty-ingest-adapter -Djetty.config=/app/jetty-ingest-adapter/config -jar /app/jetty-ingest-adapter/start.jar /app/jetty-ingest-adapter/etc/jetty-setuid.xml /app/jetty-ingest-adapter/etc/jetty-ingest-adapter.xml
SEA1TPAUTHADM04,8004,jetty-idm,/usr/java/latest/bin/java -Dlogback.configurationFile=file:/app/jetty-idm/config/logback.xml -Djavax.xml.stream.XMLOutputFactory=com.ctc.wstx.stax.WstxOutputFactory -Djavax.xml.stream.XMLInputFactory=com.ctc.wstx.stax.WstxInputFactory -Djava.library.path=/app/jetty-idm/lib/ext -Dtheplatform.log.dir=/var/log/app -Xmx1024m -Xms1024m -XX:MaxPermSize=192m -XX:NewSize=256m -XX:MaxNewSize=512M -XX:+UseConcMarkSweepGC -XX:+CMSPermGenSweepingEnabled -XX:+CMSClassUnloadingEnabled -Dcom.sun.management.jmxremote -Dcom.sun.management.jmxremote.port=8004 -Dcom.sun.management.jmxremote.authenticate=false -Dcom.sun.management.jmxremote.ssl=false -Djetty.home=/app/jetty-idm -jar /app/jetty-idm/start.jar /app/jetty-idm/etc/jetty-setuid.xml /app/jetty-idm/etc/jetty-idm.xml
SEA1TPAUTHADM04,8005,jetty-access,/usr/java/latest/bin/java -Dcom.sun.management.jmxremote -Dcom.sun.management.jmxremote.port=8005 -Dcom.sun.management.jmxremote.authenticate=false -Dcom.sun.management.jmxremote.ssl=false -Dtheplatform.log.dir=/var/log/app -Djava.library.path=/app/jetty-access/lib/ext -Xmx1024m -Xms1024m -XX:MaxPermSize=192m -XX:NewSize=256m -XX:MaxNewSize=512M -XX:+UseConcMarkSweepGC -XX:+CMSPermGenSweepingEnabled -XX:+CMSClassUnloadingEnabled -Djetty.home=/app/jetty-access -Djetty.config=/app/jetty-access/config -jar /app/jetty-access/start.jar /app/jetty-access/etc/jetty-setuid.xml /app/jetty-access/etc/jetty-access.xml
SEA1TPAUTHADM05,8004,jetty-idm,/usr/java/latest/bin/java -Dlogback.configurationFile=file:/app/jetty-idm/config/logback.xml -Djavax.xml.stream.XMLOutputFactory=com.ctc.wstx.stax.WstxOutputFactory -Djavax.xml.stream.XMLInputFactory=com.ctc.wstx.stax.WstxInputFactory -Djava.library.path=/app/jetty-idm/lib/ext -Dtheplatform.log.dir=/var/log/app -Xmx1024m -Xms1024m -XX:MaxPermSize=192m -XX:NewSize=256m -XX:MaxNewSize=512M -XX:+UseConcMarkSweepGC -XX:+CMSPermGenSweepingEnabled -XX:+CMSClassUnloadingEnabled -Dcom.sun.management.jmxremote -Dcom.sun.management.jmxremote.port=8004 -Dcom.sun.management.jmxremote.authenticate=false -Dcom.sun.management.jmxremote.ssl=false -Djetty.home=/app/jetty-idm -jar /app/jetty-idm/start.jar /app/jetty-idm/etc/jetty-setuid.xml /app/jetty-idm/etc/jetty-idm.xml
SEA1TPAUTHADM05,8005,jetty-access,/usr/java/latest/bin/java -Dcom.sun.management.jmxremote -Dcom.sun.management.jmxremote.port=8005 -Dcom.sun.management.jmxremote.authenticate=false -Dcom.sun.management.jmxremote.ssl=false -Dtheplatform.log.dir=/var/log/app -Djava.library.path=/app/jetty-access/lib/ext -Xmx1024m -Xms1024m -XX:MaxPermSize=192m -XX:NewSize=256m -XX:MaxNewSize=512M -XX:+UseConcMarkSweepGC -XX:+CMSPermGenSweepingEnabled -XX:+CMSClassUnloadingEnabled -Djetty.home=/app/jetty-access -Djetty.config=/app/jetty-access/config -jar /app/jetty-access/start.jar /app/jetty-access/etc/jetty-setuid.xml /app/jetty-access/etc/jetty-access.xml
SEA1TPAUTHADM06,8005,jetty-access,/usr/java/latest/bin/java -Dcom.sun.management.jmxremote -Dcom.sun.management.jmxremote.port=8005 -Dcom.sun.management.jmxremote.authenticate=false -Dcom.sun.management.jmxremote.ssl=false -Dtheplatform.log.dir=/var/log/app -Djava.library.path=/app/jetty-access/lib/ext -Xmx1024m -Xms1024m -XX:MaxPermSize=192m -XX:NewSize=256m -XX:MaxNewSize=512M -XX:+UseConcMarkSweepGC -XX:+CMSPermGenSweepingEnabled -XX:+CMSClassUnloadingEnabled -Djetty.home=/app/jetty-access -Djetty.config=/app/jetty-access/config -jar /app/jetty-access/start.jar /app/jetty-access/etc/jetty-setuid.xml /app/jetty-access/etc/jetty-access.xml
SEA1TPAUTHADM06,8004,jetty-idm,/usr/java/latest/bin/java -Dlogback.configurationFile=file:/app/jetty-idm/config/logback.xml -Djavax.xml.stream.XMLOutputFactory=com.ctc.wstx.stax.WstxOutputFactory -Djavax.xml.stream.XMLInputFactory=com.ctc.wstx.stax.WstxInputFactory -Djava.library.path=/app/jetty-idm/lib/ext -Dtheplatform.log.dir=/var/log/app -Xmx1024m -Xms1024m -XX:MaxPermSize=192m -XX:NewSize=256m -XX:MaxNewSize=512M -XX:+UseConcMarkSweepGC -XX:+CMSPermGenSweepingEnabled -XX:+CMSClassUnloadingEnabled -Dcom.sun.management.jmxremote -Dcom.sun.management.jmxremote.port=8004 -Dcom.sun.management.jmxremote.authenticate=false -Dcom.sun.management.jmxremote.ssl=false -Djetty.home=/app/jetty-idm -jar /app/jetty-idm/start.jar /app/jetty-idm/etc/jetty-setuid.xml /app/jetty-idm/etc/jetty-idm.xml
SEA1TPAUTHADM07,8005,jetty-access,/usr/java/latest/bin/java -Dcom.sun.management.jmxremote -Dcom.sun.management.jmxremote.port=8005 -Dcom.sun.management.jmxremote.authenticate=false -Dcom.sun.management.jmxremote.ssl=false -Dtheplatform.log.dir=/var/log/app -Djava.library.path=/app/jetty-access/lib/ext -Xmx1024m -Xms1024m -XX:MaxPermSize=192m -XX:NewSize=256m -XX:MaxNewSize=512M -XX:+UseConcMarkSweepGC -XX:+CMSPermGenSweepingEnabled -XX:+CMSClassUnloadingEnabled -Djetty.home=/app/jetty-access -Djetty.config=/app/jetty-access/config -jar /app/jetty-access/start.jar /app/jetty-access/etc/jetty-setuid.xml /app/jetty-access/etc/jetty-access.xml
SEA1TPAUTHADM07,8004,jetty-idm,/usr/java/latest/bin/java -Dlogback.configurationFile=file:/app/jetty-idm/config/logback.xml -Djavax.xml.stream.XMLOutputFactory=com.ctc.wstx.stax.WstxOutputFactory -Djavax.xml.stream.XMLInputFactory=com.ctc.wstx.stax.WstxInputFactory -Djava.library.path=/app/jetty-idm/lib/ext -Dtheplatform.log.dir=/var/log/app -Xmx1024m -Xms1024m -XX:MaxPermSize=192m -XX:NewSize=256m -XX:MaxNewSize=512M -XX:+UseConcMarkSweepGC -XX:+CMSPermGenSweepingEnabled -XX:+CMSClassUnloadingEnabled -Dcom.sun.management.jmxremote -Dcom.sun.management.jmxremote.port=8004 -Dcom.sun.management.jmxremote.authenticate=false -Dcom.sun.management.jmxremote.ssl=false -Djetty.home=/app/jetty-idm -jar /app/jetty-idm/start.jar /app/jetty-idm/etc/jetty-setuid.xml /app/jetty-idm/etc/jetty-idm.xml
SEA1TPAUTHADM08,8005,jetty-access,/usr/java/latest/bin/java -Dcom.sun.management.jmxremote -Dcom.sun.management.jmxremote.port=8005 -Dcom.sun.management.jmxremote.authenticate=false -Dcom.sun.management.jmxremote.ssl=false -Dtheplatform.log.dir=/var/log/app -Djava.library.path=/app/jetty-access/lib/ext -Xmx1024m -Xms1024m -XX:MaxPermSize=192m -XX:NewSize=256m -XX:MaxNewSize=512M -XX:+UseConcMarkSweepGC -XX:+CMSPermGenSweepingEnabled -XX:+CMSClassUnloadingEnabled -Djetty.home=/app/jetty-access -Djetty.config=/app/jetty-access/config -jar /app/jetty-access/start.jar /app/jetty-access/etc/jetty-setuid.xml /app/jetty-access/etc/jetty-access.xml
SEA1TPAUTHADM08,8004,jetty-idm,/usr/java/latest/bin/java -Dlogback.configurationFile=file:/app/jetty-idm/config/logback.xml -Djavax.xml.stream.XMLOutputFactory=com.ctc.wstx.stax.WstxOutputFactory -Djavax.xml.stream.XMLInputFactory=com.ctc.wstx.stax.WstxInputFactory -Djava.library.path=/app/jetty-idm/lib/ext -Dtheplatform.log.dir=/var/log/app -Xmx1024m -Xms1024m -XX:MaxPermSize=192m -XX:NewSize=256m -XX:MaxNewSize=512M -XX:+UseConcMarkSweepGC -XX:+CMSPermGenSweepingEnabled -XX:+CMSClassUnloadingEnabled -Dcom.sun.management.jmxremote -Dcom.sun.management.jmxremote.port=8004 -Dcom.sun.management.jmxremote.authenticate=false -Dcom.sun.management.jmxremote.ssl=false -Djetty.home=/app/jetty-idm -jar /app/jetty-idm/start.jar /app/jetty-idm/etc/jetty-setuid.xml /app/jetty-idm/etc/jetty-idm.xml
sea1tpwf01,8082,jetty-autopublish,/usr/java/latest/bin/java -Djava.library.path=/app/jetty-autopublish/lib/ext -Dtheplatform.log.dir=/var/log/app -Djetty.port=8082 -Xmx384m -Xms384m -XX:MaxPermSize=192m -XX:NewSize=256m -XX:MaxNewSize=384M -XX:+UseConcMarkSweepGC -XX:+CMSPermGenSweepingEnabled -XX:+CMSClassUnloadingEnabled -Dcom.sun.management.jmxremote -Dcom.sun.management.jmxremote.port=8006 -Dcom.sun.management.jmxremote.authenticate=false -Dcom.sun.management.jmxremote.ssl=false -Djetty.home=/app/jetty-autopublish -jar /app/jetty-autopublish/start.jar /app/jetty-autopublish/etc/jetty-setuid.xml /app/jetty-autopublish/etc/jetty-autopublish.xml
sea1tpwf01,8004,jetty-watch,/usr/java/latest/bin/java -Dcom.sun.management.jmxremote -Dcom.sun.management.jmxremote.port=8004 -Dcom.sun.management.jmxremote.authenticate=false -Dcom.sun.management.jmxremote.ssl=false -Dtheplatform.log.dir=/var/log/app -Djava.library.path=/app/jetty-watch/lib/ext -Xmx768m -Xms768m -XX:MaxPermSize=128m -XX:NewSize=128m -XX:MaxNewSize=512M -XX:+UseConcMarkSweepGC -XX:+CMSPermGenSweepingEnabled -XX:+CMSClassUnloadingEnabled -Djetty.home=/app/jetty-watch -Djetty.config=/app/jetty-watch/config -jar /app/jetty-watch/start.jar /app/jetty-watch/etc/jetty-setuid.xml /app/jetty-watch/etc/jetty-watch.xml
sea1tpwf01,___,___,/bin/bash ./runWatcher.sh
sea1tpwf01,8005,./target/pl-ingest-service-watchfolder-app.jar,java -DconfigDirectory=./config -Dlog_location=./target/logs -Dcom.sun.management.jmxremote -Dcom.sun.management.jmxremote.port=8005 -Dcom.sun.management.jmxremote.authenticate=false -Dcom.sun.management.jmxremote.ssl=false -Xdebug -Xrunjdwp:transport=dt_socket,server=y,suspend=n,address=5007 -classpath ./target/pl-ingest-service-watchfolder-app.jar:./target/dependency/* com.theplatform.ingest.service.watchfolder.Watcher
sea1tpwf02,___,___,/bin/bash ./runWatcher.sh
sea1tpwf02,8005,./target/pl-ingest-service-watchfolder-app.jar,java -DconfigDirectory=./config -Dlog_location=./target/logs -Dcom.sun.management.jmxremote -Dcom.sun.management.jmxremote.port=8005 -Dcom.sun.management.jmxremote.authenticate=false -Dcom.sun.management.jmxremote.ssl=false -Xdebug -Xrunjdwp:transport=dt_socket,server=y,suspend=n,address=5007 -classpath ./target/pl-ingest-service-watchfolder-app.jar:./target/dependency/* com.theplatform.ingest.service.watchfolder.Watcher
sea1tpwf02,8004,jetty-watch,/usr/java/latest/bin/java -Dcom.sun.management.jmxremote -Dcom.sun.management.jmxremote.port=8004 -Dcom.sun.management.jmxremote.authenticate=false -Dcom.sun.management.jmxremote.ssl=false -Dtheplatform.log.dir=/var/log/app -Djava.library.path=/app/jetty-watch/lib/ext -Xmx768m -Xms768m -XX:MaxPermSize=128m -XX:NewSize=128m -XX:MaxNewSize=512M -XX:+UseConcMarkSweepGC -XX:+CMSPermGenSweepingEnabled -XX:+CMSClassUnloadingEnabled -Djetty.home=/app/jetty-watch -Djetty.config=/app/jetty-watch/config -jar /app/jetty-watch/start.jar /app/jetty-watch/etc/jetty-setuid.xml /app/jetty-watch/etc/jetty-watch.xml
sea1tpwf02,8082,jetty-autopublish,/usr/java/latest/bin/java -Djava.library.path=/app/jetty-autopublish/lib/ext -Dtheplatform.log.dir=/var/log/app -Djetty.port=8082 -Xmx384m -Xms384m -XX:MaxPermSize=192m -XX:NewSize=256m -XX:MaxNewSize=384M -XX:+UseConcMarkSweepGC -XX:+CMSPermGenSweepingEnabled -XX:+CMSClassUnloadingEnabled -Dcom.sun.management.jmxremote -Dcom.sun.management.jmxremote.port=8006 -Dcom.sun.management.jmxremote.authenticate=false -Dcom.sun.management.jmxremote.ssl=false -Djetty.home=/app/jetty-autopublish -jar /app/jetty-autopublish/start.jar /app/jetty-autopublish/etc/jetty-setuid.xml /app/jetty-autopublish/etc/jetty-autopublish.xml
SEA1TPAUTHUSR04,8004,jetty-idm,/usr/java/latest/bin/java -Dlogback.configurationFile=file:/app/jetty-idm/config/logback.xml -Djavax.xml.stream.XMLOutputFactory=com.ctc.wstx.stax.WstxOutputFactory -Djavax.xml.stream.XMLInputFactory=com.ctc.wstx.stax.WstxInputFactory -Djava.library.path=/app/jetty-idm/lib/ext -Dtheplatform.log.dir=/var/log/app -Xmx1024m -Xms1024m -XX:MaxPermSize=192m -XX:NewSize=256m -XX:MaxNewSize=512M -XX:+UseConcMarkSweepGC -XX:+CMSPermGenSweepingEnabled -XX:+CMSClassUnloadingEnabled -Dcom.sun.management.jmxremote -Dcom.sun.management.jmxremote.port=8004 -Dcom.sun.management.jmxremote.authenticate=false -Dcom.sun.management.jmxremote.ssl=false -Djetty.home=/app/jetty-idm -jar /app/jetty-idm/start.jar /app/jetty-idm/etc/jetty-setuid.xml /app/jetty-idm/etc/jetty-idm.xml
SEA1TPAUTHUSR04,8005,jetty-access,/usr/java/latest/bin/java -Dcom.sun.management.jmxremote -Dcom.sun.management.jmxremote.port=8005 -Dcom.sun.management.jmxremote.authenticate=false -Dcom.sun.management.jmxremote.ssl=false -Dtheplatform.log.dir=/var/log/app -Djava.library.path=/app/jetty-access/lib/ext -Xmx1024m -Xms1024m -XX:MaxPermSize=192m -XX:NewSize=256m -XX:MaxNewSize=512M -XX:+UseConcMarkSweepGC -XX:+CMSPermGenSweepingEnabled -XX:+CMSClassUnloadingEnabled -Djetty.home=/app/jetty-access -Djetty.config=/app/jetty-access/config -jar /app/jetty-access/start.jar /app/jetty-access/etc/jetty-setuid.xml /app/jetty-access/etc/jetty-access.xml
SEA1TPAUTHUSR05,8004,jetty-idm,/usr/java/latest/bin/java -Dlogback.configurationFile=file:/app/jetty-idm/config/logback.xml -Djavax.xml.stream.XMLOutputFactory=com.ctc.wstx.stax.WstxOutputFactory -Djavax.xml.stream.XMLInputFactory=com.ctc.wstx.stax.WstxInputFactory -Djava.library.path=/app/jetty-idm/lib/ext -Dtheplatform.log.dir=/var/log/app -Xmx1024m -Xms1024m -XX:MaxPermSize=192m -XX:NewSize=256m -XX:MaxNewSize=512M -XX:+UseConcMarkSweepGC -XX:+CMSPermGenSweepingEnabled -XX:+CMSClassUnloadingEnabled -Dcom.sun.management.jmxremote -Dcom.sun.management.jmxremote.port=8004 -Dcom.sun.management.jmxremote.authenticate=false -Dcom.sun.management.jmxremote.ssl=false -Djetty.home=/app/jetty-idm -jar /app/jetty-idm/start.jar /app/jetty-idm/etc/jetty-setuid.xml /app/jetty-idm/etc/jetty-idm.xml
SEA1TPAUTHUSR05,8005,jetty-access,/usr/java/latest/bin/java -Dcom.sun.management.jmxremote -Dcom.sun.management.jmxremote.port=8005 -Dcom.sun.management.jmxremote.authenticate=false -Dcom.sun.management.jmxremote.ssl=false -Dtheplatform.log.dir=/var/log/app -Djava.library.path=/app/jetty-access/lib/ext -Xmx1024m -Xms1024m -XX:MaxPermSize=192m -XX:NewSize=256m -XX:MaxNewSize=512M -XX:+UseConcMarkSweepGC -XX:+CMSPermGenSweepingEnabled -XX:+CMSClassUnloadingEnabled -Djetty.home=/app/jetty-access -Djetty.config=/app/jetty-access/config -jar /app/jetty-access/start.jar /app/jetty-access/etc/jetty-setuid.xml /app/jetty-access/etc/jetty-access.xml
SEA1TPAUTHUSR06,8005,jetty-access,/usr/java/latest/bin/java -Dcom.sun.management.jmxremote -Dcom.sun.management.jmxremote.port=8005 -Dcom.sun.management.jmxremote.authenticate=false -Dcom.sun.management.jmxremote.ssl=false -Dtheplatform.log.dir=/var/log/app -Djava.library.path=/app/jetty-access/lib/ext -Xmx1024m -Xms1024m -XX:MaxPermSize=192m -XX:NewSize=256m -XX:MaxNewSize=512M -XX:+UseConcMarkSweepGC -XX:+CMSPermGenSweepingEnabled -XX:+CMSClassUnloadingEnabled -Djetty.home=/app/jetty-access -Djetty.config=/app/jetty-access/config -jar /app/jetty-access/start.jar /app/jetty-access/etc/jetty-setuid.xml /app/jetty-access/etc/jetty-access.xml
SEA1TPAUTHUSR06,8004,jetty-idm,/usr/java/latest/bin/java -Dlogback.configurationFile=file:/app/jetty-idm/config/logback.xml -Djavax.xml.stream.XMLOutputFactory=com.ctc.wstx.stax.WstxOutputFactory -Djavax.xml.stream.XMLInputFactory=com.ctc.wstx.stax.WstxInputFactory -Djava.library.path=/app/jetty-idm/lib/ext -Dtheplatform.log.dir=/var/log/app -Xmx1024m -Xms1024m -XX:MaxPermSize=192m -XX:NewSize=256m -XX:MaxNewSize=512M -XX:+UseConcMarkSweepGC -XX:+CMSPermGenSweepingEnabled -XX:+CMSClassUnloadingEnabled -Dcom.sun.management.jmxremote -Dcom.sun.management.jmxremote.port=8004 -Dcom.sun.management.jmxremote.authenticate=false -Dcom.sun.management.jmxremote.ssl=false -Djetty.home=/app/jetty-idm -jar /app/jetty-idm/start.jar /app/jetty-idm/etc/jetty-setuid.xml /app/jetty-idm/etc/jetty-idm.xml
SEA1TPAUTHUSR07,8004,jetty-idm,/usr/java/latest/bin/java -Dlogback.configurationFile=file:/app/jetty-idm/config/logback.xml -Djavax.xml.stream.XMLOutputFactory=com.ctc.wstx.stax.WstxOutputFactory -Djavax.xml.stream.XMLInputFactory=com.ctc.wstx.stax.WstxInputFactory -Djava.library.path=/app/jetty-idm/lib/ext -Dtheplatform.log.dir=/var/log/app -Xmx1024m -Xms1024m -XX:MaxPermSize=192m -XX:NewSize=256m -XX:MaxNewSize=512M -XX:+UseConcMarkSweepGC -XX:+CMSPermGenSweepingEnabled -XX:+CMSClassUnloadingEnabled -Dcom.sun.management.jmxremote -Dcom.sun.management.jmxremote.port=8004 -Dcom.sun.management.jmxremote.authenticate=false -Dcom.sun.management.jmxremote.ssl=false -Djetty.home=/app/jetty-idm -jar /app/jetty-idm/start.jar /app/jetty-idm/etc/jetty-setuid.xml /app/jetty-idm/etc/jetty-idm.xml
SEA1TPAUTHUSR07,8005,jetty-access,/usr/java/latest/bin/java -Dcom.sun.management.jmxremote -Dcom.sun.management.jmxremote.port=8005 -Dcom.sun.management.jmxremote.authenticate=false -Dcom.sun.management.jmxremote.ssl=false -Dtheplatform.log.dir=/var/log/app -Djava.library.path=/app/jetty-access/lib/ext -Xmx1024m -Xms1024m -XX:MaxPermSize=192m -XX:NewSize=256m -XX:MaxNewSize=512M -XX:+UseConcMarkSweepGC -XX:+CMSPermGenSweepingEnabled -XX:+CMSClassUnloadingEnabled -Djetty.home=/app/jetty-access -Djetty.config=/app/jetty-access/config -jar /app/jetty-access/start.jar /app/jetty-access/etc/jetty-setuid.xml /app/jetty-access/etc/jetty-access.xml
SEA1TPAUTHUSR08,8005,jetty-access,/usr/java/latest/bin/java -Dcom.sun.management.jmxremote -Dcom.sun.management.jmxremote.port=8005 -Dcom.sun.management.jmxremote.authenticate=false -Dcom.sun.management.jmxremote.ssl=false -Dtheplatform.log.dir=/var/log/app -Djava.library.path=/app/jetty-access/lib/ext -Xmx1024m -Xms1024m -XX:MaxPermSize=192m -XX:NewSize=256m -XX:MaxNewSize=512M -XX:+UseConcMarkSweepGC -XX:+CMSPermGenSweepingEnabled -XX:+CMSClassUnloadingEnabled -Djetty.home=/app/jetty-access -Djetty.config=/app/jetty-access/config -jar /app/jetty-access/start.jar /app/jetty-access/etc/jetty-setuid.xml /app/jetty-access/etc/jetty-access.xml
SEA1TPAUTHUSR08,8004,jetty-idm,/usr/java/latest/bin/java -Dlogback.configurationFile=file:/app/jetty-idm/config/logback.xml -Djavax.xml.stream.XMLOutputFactory=com.ctc.wstx.stax.WstxOutputFactory -Djavax.xml.stream.XMLInputFactory=com.ctc.wstx.stax.WstxInputFactory -Djava.library.path=/app/jetty-idm/lib/ext -Dtheplatform.log.dir=/var/log/app -Xmx1024m -Xms1024m -XX:MaxPermSize=192m -XX:NewSize=256m -XX:MaxNewSize=512M -XX:+UseConcMarkSweepGC -XX:+CMSPermGenSweepingEnabled -XX:+CMSClassUnloadingEnabled -Dcom.sun.management.jmxremote -Dcom.sun.management.jmxremote.port=8004 -Dcom.sun.management.jmxremote.authenticate=false -Dcom.sun.management.jmxremote.ssl=false -Djetty.home=/app/jetty-idm -jar /app/jetty-idm/start.jar /app/jetty-idm/etc/jetty-setuid.xml /app/jetty-idm/etc/jetty-idm.xml
SEA1TPCMTY01,8009,jetty-polling,/usr/java/latest/bin/java -Dcom.sun.management.jmxremote -Dcom.sun.management.jmxremote.port=8009 -Dcom.sun.management.jmxremote.authenticate=false -Dcom.sun.management.jmxremote.ssl=false -Dtheplatform.log.dir=/var/log/app -Djava.library.path=/app/jetty-polling/lib/ext -Xmx1024m -Xms1024m -XX:MaxPermSize=192m -XX:NewSize=256m -XX:MaxNewSize=512M -XX:+UseConcMarkSweepGC -XX:+CMSPermGenSweepingEnabled -XX:+CMSClassUnloadingEnabled -Djetty.home=/app/jetty-polling -Djetty.config=/app/jetty-polling/config -jar /app/jetty-polling/start.jar /app/jetty-polling/etc/jetty-setuid.xml /app/jetty-polling/etc/jetty-polling.xml
SEA1TPCMTY01,8004,jetty-rating,/usr/java/latest/bin/java -Dcom.sun.management.jmxremote -Dcom.sun.management.jmxremote.port=8004 -Dcom.sun.management.jmxremote.authenticate=false -Dcom.sun.management.jmxremote.ssl=false -Dtheplatform.log.dir=/var/log/app -Djava.library.path=/app/jetty-rating/lib/ext -Xmx4096m -Xms4096m -XX:MaxPermSize=192m -XX:NewSize=256m -XX:MaxNewSize=512M -XX:+UseConcMarkSweepGC -XX:+CMSPermGenSweepingEnabled -XX:+CMSClassUnloadingEnabled -Djetty.home=/app/jetty-rating -Djetty.config=/app/jetty-rating/config -jar /app/jetty-rating/start.jar /app/jetty-rating/etc/jetty-setuid.xml /app/jetty-rating/etc/jetty-rating.xml
SEA1TPCMTY01,8007,jetty-userprofile,/usr/java/latest/bin/java -Dcom.sun.management.jmxremote -Dcom.sun.management.jmxremote.port=8007 -Dcom.sun.management.jmxremote.authenticate=false -Dcom.sun.management.jmxremote.ssl=false -Dtheplatform.log.dir=/var/log/app -Djava.library.path=/app/jetty-userprofile/lib/ext -Xmx1024m -Xms1024m -XX:MaxPermSize=192m -XX:NewSize=256m -XX:MaxNewSize=512M -XX:+UseConcMarkSweepGC -XX:+CMSPermGenSweepingEnabled -XX:+CMSClassUnloadingEnabled -Djetty.home=/app/jetty-userprofile -Djetty.config=/app/jetty-userprofile/config -jar /app/jetty-userprofile/start.jar /app/jetty-userprofile/etc/jetty-setuid.xml /app/jetty-userprofile/etc/jetty-userprofile.xml
SEA1TPCMTY01,8005,jetty-tag,/usr/java/latest/bin/java -Dcom.sun.management.jmxremote -Dcom.sun.management.jmxremote.port=8005 -Dcom.sun.management.jmxremote.authenticate=false -Dcom.sun.management.jmxremote.ssl=false -Dtheplatform.log.dir=/var/log/app -Djava.library.path=/app/jetty-tag/lib/ext -Xmx1024m -Xms1024m -XX:MaxPermSize=192m -XX:NewSize=256m -XX:MaxNewSize=512M -XX:+UseConcMarkSweepGC -XX:+CMSPermGenSweepingEnabled -XX:+CMSClassUnloadingEnabled -Djetty.home=/app/jetty-tag -Djetty.config=/app/jetty-tag/config -jar /app/jetty-tag/start.jar /app/jetty-tag/etc/jetty-setuid.xml /app/jetty-tag/etc/jetty-tag.xml
SEA1TPCMTY02,8005,jetty-tag,/usr/java/latest/bin/java -Dcom.sun.management.jmxremote -Dcom.sun.management.jmxremote.port=8005 -Dcom.sun.management.jmxremote.authenticate=false -Dcom.sun.management.jmxremote.ssl=false -Dtheplatform.log.dir=/var/log/app -Djava.library.path=/app/jetty-tag/lib/ext -Xmx1024m -Xms1024m -XX:MaxPermSize=192m -XX:NewSize=256m -XX:MaxNewSize=512M -XX:+UseConcMarkSweepGC -XX:+CMSPermGenSweepingEnabled -XX:+CMSClassUnloadingEnabled -Djetty.home=/app/jetty-tag -Djetty.config=/app/jetty-tag/config -jar /app/jetty-tag/start.jar /app/jetty-tag/etc/jetty-setuid.xml /app/jetty-tag/etc/jetty-tag.xml
SEA1TPCMTY02,8009,jetty-polling,/usr/java/latest/bin/java -Dcom.sun.management.jmxremote -Dcom.sun.management.jmxremote.port=8009 -Dcom.sun.management.jmxremote.authenticate=false -Dcom.sun.management.jmxremote.ssl=false -Dtheplatform.log.dir=/var/log/app -Djava.library.path=/app/jetty-polling/lib/ext -Xmx1024m -Xms1024m -XX:MaxPermSize=192m -XX:NewSize=256m -XX:MaxNewSize=512M -XX:+UseConcMarkSweepGC -XX:+CMSPermGenSweepingEnabled -XX:+CMSClassUnloadingEnabled -Djetty.home=/app/jetty-polling -Djetty.config=/app/jetty-polling/config -jar /app/jetty-polling/start.jar /app/jetty-polling/etc/jetty-setuid.xml /app/jetty-polling/etc/jetty-polling.xml
SEA1TPCMTY02,8004,jetty-rating,/usr/java/latest/bin/java -Dcom.sun.management.jmxremote -Dcom.sun.management.jmxremote.port=8004 -Dcom.sun.management.jmxremote.authenticate=false -Dcom.sun.management.jmxremote.ssl=false -Dtheplatform.log.dir=/var/log/app -Djava.library.path=/app/jetty-rating/lib/ext -Xmx4096m -Xms4096m -XX:MaxPermSize=192m -XX:NewSize=256m -XX:MaxNewSize=512M -XX:+UseConcMarkSweepGC -XX:+CMSPermGenSweepingEnabled -XX:+CMSClassUnloadingEnabled -Djetty.home=/app/jetty-rating -Djetty.config=/app/jetty-rating/config -jar /app/jetty-rating/start.jar /app/jetty-rating/etc/jetty-setuid.xml /app/jetty-rating/etc/jetty-rating.xml
SEA1TPCMTY02,8007,jetty-userprofile,/usr/java/latest/bin/java -Dcom.sun.management.jmxremote -Dcom.sun.management.jmxremote.port=8007 -Dcom.sun.management.jmxremote.authenticate=false -Dcom.sun.management.jmxremote.ssl=false -Dtheplatform.log.dir=/var/log/app -Djava.library.path=/app/jetty-userprofile/lib/ext -Xmx1024m -Xms1024m -XX:MaxPermSize=192m -XX:NewSize=256m -XX:MaxNewSize=512M -XX:+UseConcMarkSweepGC -XX:+CMSPermGenSweepingEnabled -XX:+CMSClassUnloadingEnabled -Djetty.home=/app/jetty-userprofile -Djetty.config=/app/jetty-userprofile/config -jar /app/jetty-userprofile/start.jar /app/jetty-userprofile/etc/jetty-setuid.xml /app/jetty-userprofile/etc/jetty-userprofile.xml
SEA1TPCMTY03,8004,jetty-rating,/usr/java/latest/bin/java -Dcom.sun.management.jmxremote -Dcom.sun.management.jmxremote.port=8004 -Dcom.sun.management.jmxremote.authenticate=false -Dcom.sun.management.jmxremote.ssl=false -Dtheplatform.log.dir=/var/log/app -Djava.library.path=/app/jetty-rating/lib/ext -Xmx4096m -Xms4096m -XX:MaxPermSize=192m -XX:NewSize=256m -XX:MaxNewSize=512M -XX:+UseConcMarkSweepGC -XX:+CMSPermGenSweepingEnabled -XX:+CMSClassUnloadingEnabled -Djetty.home=/app/jetty-rating -Djetty.config=/app/jetty-rating/config -jar /app/jetty-rating/start.jar /app/jetty-rating/etc/jetty-setuid.xml /app/jetty-rating/etc/jetty-rating.xml
SEA1TPCMTY03,8007,jetty-userprofile,/usr/java/latest/bin/java -Dcom.sun.management.jmxremote -Dcom.sun.management.jmxremote.port=8007 -Dcom.sun.management.jmxremote.authenticate=false -Dcom.sun.management.jmxremote.ssl=false -Dtheplatform.log.dir=/var/log/app -Djava.library.path=/app/jetty-userprofile/lib/ext -Xmx1024m -Xms1024m -XX:MaxPermSize=192m -XX:NewSize=256m -XX:MaxNewSize=512M -XX:+UseConcMarkSweepGC -XX:+CMSPermGenSweepingEnabled -XX:+CMSClassUnloadingEnabled -Djetty.home=/app/jetty-userprofile -Djetty.config=/app/jetty-userprofile/config -jar /app/jetty-userprofile/start.jar /app/jetty-userprofile/etc/jetty-setuid.xml /app/jetty-userprofile/etc/jetty-userprofile.xml
SEA1TPCMTY03,8006,jetty-comment,/usr/java/latest/bin/java -Dcom.sun.management.jmxremote -Dcom.sun.management.jmxremote.port=8006 -Dcom.sun.management.jmxremote.authenticate=false -Dcom.sun.management.jmxremote.ssl=false -Dtheplatform.log.dir=/var/log/app -Djava.library.path=/app/jetty-comment/lib/ext -Xmx1024m -Xms1024m -XX:MaxPermSize=192m -XX:NewSize=256m -XX:MaxNewSize=512M -XX:+UseConcMarkSweepGC -XX:+CMSPermGenSweepingEnabled -XX:+CMSClassUnloadingEnabled -Djetty.home=/app/jetty-comment -Djetty.config=/app/jetty-comment/config -jar /app/jetty-comment/start.jar /app/jetty-comment/etc/jetty-setuid.xml /app/jetty-comment/etc/jetty-comment.xml
SEA1TPCMTY03,8008,jetty-userlist,/usr/java/latest/bin/java -Dcom.sun.management.jmxremote -Dcom.sun.management.jmxremote.port=8008 -Dcom.sun.management.jmxremote.authenticate=false -Dcom.sun.management.jmxremote.ssl=false -Dtheplatform.log.dir=/var/log/app -Djava.library.path=/app/jetty-userlist/lib/ext -Xmx1024m -Xms1024m -XX:MaxPermSize=192m -XX:NewSize=256m -XX:MaxNewSize=512M -XX:+UseConcMarkSweepGC -XX:+CMSPermGenSweepingEnabled -XX:+CMSClassUnloadingEnabled -Djetty.home=/app/jetty-userlist -Djetty.config=/app/jetty-userlist/config -jar /app/jetty-userlist/start.jar /app/jetty-userlist/etc/jetty-setuid.xml /app/jetty-userlist/etc/jetty-userlist.xml
SEA1TPCMTY04,8006,jetty-comment,/usr/java/latest/bin/java -Dcom.sun.management.jmxremote -Dcom.sun.management.jmxremote.port=8006 -Dcom.sun.management.jmxremote.authenticate=false -Dcom.sun.management.jmxremote.ssl=false -Dtheplatform.log.dir=/var/log/app -Djava.library.path=/app/jetty-comment/lib/ext -Xmx1024m -Xms1024m -XX:MaxPermSize=192m -XX:NewSize=256m -XX:MaxNewSize=512M -XX:+UseConcMarkSweepGC -XX:+CMSPermGenSweepingEnabled -XX:+CMSClassUnloadingEnabled -Djetty.home=/app/jetty-comment -Djetty.config=/app/jetty-comment/config -jar /app/jetty-comment/start.jar /app/jetty-comment/etc/jetty-setuid.xml /app/jetty-comment/etc/jetty-comment.xml
SEA1TPCMTY04,8008,jetty-userlist,/usr/java/latest/bin/java -Dcom.sun.management.jmxremote -Dcom.sun.management.jmxremote.port=8008 -Dcom.sun.management.jmxremote.authenticate=false -Dcom.sun.management.jmxremote.ssl=false -Dtheplatform.log.dir=/var/log/app -Djava.library.path=/app/jetty-userlist/lib/ext -Xmx1024m -Xms1024m -XX:MaxPermSize=192m -XX:NewSize=256m -XX:MaxNewSize=512M -XX:+UseConcMarkSweepGC -XX:+CMSPermGenSweepingEnabled -XX:+CMSClassUnloadingEnabled -Djetty.home=/app/jetty-userlist -Djetty.config=/app/jetty-userlist/config -jar /app/jetty-userlist/start.jar /app/jetty-userlist/etc/jetty-setuid.xml /app/jetty-userlist/etc/jetty-userlist.xml
SEA1TPCMTY04,8007,jetty-userprofile,/usr/java/latest/bin/java -Dcom.sun.management.jmxremote -Dcom.sun.management.jmxremote.port=8007 -Dcom.sun.management.jmxremote.authenticate=false -Dcom.sun.management.jmxremote.ssl=false -Dtheplatform.log.dir=/var/log/app -Djava.library.path=/app/jetty-userprofile/lib/ext -Xmx1024m -Xms1024m -XX:MaxPermSize=192m -XX:NewSize=256m -XX:MaxNewSize=512M -XX:+UseConcMarkSweepGC -XX:+CMSPermGenSweepingEnabled -XX:+CMSClassUnloadingEnabled -Djetty.home=/app/jetty-userprofile -Djetty.config=/app/jetty-userprofile/config -jar /app/jetty-userprofile/start.jar /app/jetty-userprofile/etc/jetty-setuid.xml /app/jetty-userprofile/etc/jetty-userprofile.xml
SEA1TPCMTY04,8004,jetty-rating,/usr/java/latest/bin/java -Dcom.sun.management.jmxremote -Dcom.sun.management.jmxremote.port=8004 -Dcom.sun.management.jmxremote.authenticate=false -Dcom.sun.management.jmxremote.ssl=false -Dtheplatform.log.dir=/var/log/app -Djava.library.path=/app/jetty-rating/lib/ext -Xmx4096m -Xms4096m -XX:MaxPermSize=192m -XX:NewSize=256m -XX:MaxNewSize=512M -XX:+UseConcMarkSweepGC -XX:+CMSPermGenSweepingEnabled -XX:+CMSClassUnloadingEnabled -Djetty.home=/app/jetty-rating -Djetty.config=/app/jetty-rating/config -jar /app/jetty-rating/start.jar /app/jetty-rating/etc/jetty-setuid.xml /app/jetty-rating/etc/jetty-rating.xml
SEA1TPCMTY91,8004,jetty-rating,/usr/java/latest/bin/java -Dcom.sun.management.jmxremote -Dcom.sun.management.jmxremote.port=8004 -Dcom.sun.management.jmxremote.authenticate=false -Dcom.sun.management.jmxremote.ssl=false -Dtheplatform.log.dir=/var/log/app -Djava.library.path=/app/jetty-rating/lib/ext -Xmx4096m -Xms4096m -XX:MaxPermSize=192m -XX:NewSize=256m -XX:MaxNewSize=512M -XX:+UseConcMarkSweepGC -XX:+CMSPermGenSweepingEnabled -XX:+CMSClassUnloadingEnabled -Djetty.home=/app/jetty-rating -Djetty.config=/app/jetty-rating/config -jar /app/jetty-rating/start.jar /app/jetty-rating/etc/jetty-setuid.xml /app/jetty-rating/etc/jetty-rating.xml
SEA1TPCMTY91,8005,jetty-tag,/usr/java/latest/bin/java -Dcom.sun.management.jmxremote -Dcom.sun.management.jmxremote.port=8005 -Dcom.sun.management.jmxremote.authenticate=false -Dcom.sun.management.jmxremote.ssl=false -Dtheplatform.log.dir=/var/log/app -Djava.library.path=/app/jetty-tag/lib/ext -Xmx1024m -Xms1024m -XX:MaxPermSize=192m -XX:NewSize=256m -XX:MaxNewSize=512M -XX:+UseConcMarkSweepGC -XX:+CMSPermGenSweepingEnabled -XX:+CMSClassUnloadingEnabled -Djetty.home=/app/jetty-tag -Djetty.config=/app/jetty-tag/config -jar /app/jetty-tag/start.jar /app/jetty-tag/etc/jetty-setuid.xml /app/jetty-tag/etc/jetty-tag.xml
SEA1TPCMTY91,8006,jetty-comment,/usr/java/latest/bin/java -Dcom.sun.management.jmxremote -Dcom.sun.management.jmxremote.port=8006 -Dcom.sun.management.jmxremote.authenticate=false -Dcom.sun.management.jmxremote.ssl=false -Dtheplatform.log.dir=/var/log/app -Djava.library.path=/app/jetty-comment/lib/ext -Xmx1024m -Xms1024m -XX:MaxPermSize=192m -XX:NewSize=256m -XX:MaxNewSize=512M -XX:+UseConcMarkSweepGC -XX:+CMSPermGenSweepingEnabled -XX:+CMSClassUnloadingEnabled -Djetty.home=/app/jetty-comment -Djetty.config=/app/jetty-comment/config -jar /app/jetty-comment/start.jar /app/jetty-comment/etc/jetty-setuid.xml /app/jetty-comment/etc/jetty-comment.xml
SEA1TPCMTY91,8007,jetty-userprofile,/usr/java/latest/bin/java -Dcom.sun.management.jmxremote -Dcom.sun.management.jmxremote.port=8007 -Dcom.sun.management.jmxremote.authenticate=false -Dcom.sun.management.jmxremote.ssl=false -Dtheplatform.log.dir=/var/log/app -Djava.library.path=/app/jetty-userprofile/lib/ext -Xmx1024m -Xms1024m -XX:MaxPermSize=192m -XX:NewSize=256m -XX:MaxNewSize=512M -XX:+UseConcMarkSweepGC -XX:+CMSPermGenSweepingEnabled -XX:+CMSClassUnloadingEnabled -Djetty.home=/app/jetty-userprofile -Djetty.config=/app/jetty-userprofile/config -jar /app/jetty-userprofile/start.jar /app/jetty-userprofile/etc/jetty-setuid.xml /app/jetty-userprofile/etc/jetty-userprofile.xml
SEA1TPCMTY91,8008,jetty-userlist,/usr/java/latest/bin/java -Dcom.sun.management.jmxremote -Dcom.sun.management.jmxremote.port=8008 -Dcom.sun.management.jmxremote.authenticate=false -Dcom.sun.management.jmxremote.ssl=false -Dtheplatform.log.dir=/var/log/app -Djava.library.path=/app/jetty-userlist/lib/ext -Xmx1024m -Xms1024m -XX:MaxPermSize=192m -XX:NewSize=256m -XX:MaxNewSize=512M -XX:+UseConcMarkSweepGC -XX:+CMSPermGenSweepingEnabled -XX:+CMSClassUnloadingEnabled -Djetty.home=/app/jetty-userlist -Djetty.config=/app/jetty-userlist/config -jar /app/jetty-userlist/start.jar /app/jetty-userlist/etc/jetty-setuid.xml /app/jetty-userlist/etc/jetty-userlist.xml
SEA1TPCMTY91,8009,jetty-polling,/usr/java/latest/bin/java -Dcom.sun.management.jmxremote -Dcom.sun.management.jmxremote.port=8009 -Dcom.sun.management.jmxremote.authenticate=false -Dcom.sun.management.jmxremote.ssl=false -Dtheplatform.log.dir=/var/log/app -Djava.library.path=/app/jetty-polling/lib/ext -Xmx1024m -Xms1024m -XX:MaxPermSize=192m -XX:NewSize=256m -XX:MaxNewSize=512M -XX:+UseConcMarkSweepGC -XX:+CMSPermGenSweepingEnabled -XX:+CMSClassUnloadingEnabled -Djetty.home=/app/jetty-polling -Djetty.config=/app/jetty-polling/config -jar /app/jetty-polling/start.jar /app/jetty-polling/etc/jetty-setuid.xml /app/jetty-polling/etc/jetty-polling.xml
SEA1TPCMTY92,8004,jetty-rating,/usr/java/latest/bin/java -Dcom.sun.management.jmxremote -Dcom.sun.management.jmxremote.port=8004 -Dcom.sun.management.jmxremote.authenticate=false -Dcom.sun.management.jmxremote.ssl=false -Dtheplatform.log.dir=/var/log/app -Djava.library.path=/app/jetty-rating/lib/ext -Xmx4096m -Xms4096m -XX:MaxPermSize=192m -XX:NewSize=256m -XX:MaxNewSize=512M -XX:+UseConcMarkSweepGC -XX:+CMSPermGenSweepingEnabled -XX:+CMSClassUnloadingEnabled -Djetty.home=/app/jetty-rating -Djetty.config=/app/jetty-rating/config -jar /app/jetty-rating/start.jar /app/jetty-rating/etc/jetty-setuid.xml /app/jetty-rating/etc/jetty-rating.xml
SEA1TPCMTY92,8005,jetty-tag,/usr/java/latest/bin/java -Dcom.sun.management.jmxremote -Dcom.sun.management.jmxremote.port=8005 -Dcom.sun.management.jmxremote.authenticate=false -Dcom.sun.management.jmxremote.ssl=false -Dtheplatform.log.dir=/var/log/app -Djava.library.path=/app/jetty-tag/lib/ext -Xmx1024m -Xms1024m -XX:MaxPermSize=192m -XX:NewSize=256m -XX:MaxNewSize=512M -XX:+UseConcMarkSweepGC -XX:+CMSPermGenSweepingEnabled -XX:+CMSClassUnloadingEnabled -Djetty.home=/app/jetty-tag -Djetty.config=/app/jetty-tag/config -jar /app/jetty-tag/start.jar /app/jetty-tag/etc/jetty-setuid.xml /app/jetty-tag/etc/jetty-tag.xml
SEA1TPCMTY92,8006,jetty-comment,/usr/java/latest/bin/java -Dcom.sun.management.jmxremote -Dcom.sun.management.jmxremote.port=8006 -Dcom.sun.management.jmxremote.authenticate=false -Dcom.sun.management.jmxremote.ssl=false -Dtheplatform.log.dir=/var/log/app -Djava.library.path=/app/jetty-comment/lib/ext -Xmx1024m -Xms1024m -XX:MaxPermSize=192m -XX:NewSize=256m -XX:MaxNewSize=512M -XX:+UseConcMarkSweepGC -XX:+CMSPermGenSweepingEnabled -XX:+CMSClassUnloadingEnabled -Djetty.home=/app/jetty-comment -Djetty.config=/app/jetty-comment/config -jar /app/jetty-comment/start.jar /app/jetty-comment/etc/jetty-setuid.xml /app/jetty-comment/etc/jetty-comment.xml
SEA1TPCMTY92,8007,jetty-userprofile,/usr/java/latest/bin/java -Dcom.sun.management.jmxremote -Dcom.sun.management.jmxremote.port=8007 -Dcom.sun.management.jmxremote.authenticate=false -Dcom.sun.management.jmxremote.ssl=false -Dtheplatform.log.dir=/var/log/app -Djava.library.path=/app/jetty-userprofile/lib/ext -Xmx1024m -Xms1024m -XX:MaxPermSize=192m -XX:NewSize=256m -XX:MaxNewSize=512M -XX:+UseConcMarkSweepGC -XX:+CMSPermGenSweepingEnabled -XX:+CMSClassUnloadingEnabled -Djetty.home=/app/jetty-userprofile -Djetty.config=/app/jetty-userprofile/config -jar /app/jetty-userprofile/start.jar /app/jetty-userprofile/etc/jetty-setuid.xml /app/jetty-userprofile/etc/jetty-userprofile.xml
SEA1TPCMTY92,8008,jetty-userlist,/usr/java/latest/bin/java -Dcom.sun.management.jmxremote -Dcom.sun.management.jmxremote.port=8008 -Dcom.sun.management.jmxremote.authenticate=false -Dcom.sun.management.jmxremote.ssl=false -Dtheplatform.log.dir=/var/log/app -Djava.library.path=/app/jetty-userlist/lib/ext -Xmx1024m -Xms1024m -XX:MaxPermSize=192m -XX:NewSize=256m -XX:MaxNewSize=512M -XX:+UseConcMarkSweepGC -XX:+CMSPermGenSweepingEnabled -XX:+CMSClassUnloadingEnabled -Djetty.home=/app/jetty-userlist -Djetty.config=/app/jetty-userlist/config -jar /app/jetty-userlist/start.jar /app/jetty-userlist/etc/jetty-setuid.xml /app/jetty-userlist/etc/jetty-userlist.xml
SEA1TPCMTY92,8009,jetty-polling,/usr/java/latest/bin/java -Dcom.sun.management.jmxremote -Dcom.sun.management.jmxremote.port=8009 -Dcom.sun.management.jmxremote.authenticate=false -Dcom.sun.management.jmxremote.ssl=false -Dtheplatform.log.dir=/var/log/app -Djava.library.path=/app/jetty-polling/lib/ext -Xmx1024m -Xms1024m -XX:MaxPermSize=192m -XX:NewSize=256m -XX:MaxNewSize=512M -XX:+UseConcMarkSweepGC -XX:+CMSPermGenSweepingEnabled -XX:+CMSClassUnloadingEnabled -Djetty.home=/app/jetty-polling -Djetty.config=/app/jetty-polling/config -jar /app/jetty-polling/start.jar /app/jetty-polling/etc/jetty-setuid.xml /app/jetty-polling/etc/jetty-polling.xml
SEA1TPMGMT01,8005,jetty-console,/usr/java/latest/bin/java -Dcom.sun.management.jmxremote -Dcom.sun.management.jmxremote.port=8005 -Dcom.sun.management.jmxremote.authenticate=false -Dcom.sun.management.jmxremote.ssl=false -Dtheplatform.log.dir=/var/log/app -Djava.library.path=/app/jetty-console/lib/ext -Xmx2048m -Xms2048m -XX:MaxPermSize=128m -XX:NewSize=512m -XX:MaxNewSize=512M -XX:+UseConcMarkSweepGC -XX:+CMSPermGenSweepingEnabled -XX:+CMSClassUnloadingEnabled -Djetty.home=/app/jetty-console -Djetty.config=/app/jetty-console/config -jar /app/jetty-console/start.jar /app/jetty-console/etc/jetty-setuid.xml /app/jetty-console/etc/jetty.xml
SEA1TPMGMT01,8004,jetty-cds,/usr/java/latest/bin/java -Dcom.sun.management.jmxremote -Dcom.sun.management.jmxremote.port=8004 -Dcom.sun.management.jmxremote.authenticate=false -Dcom.sun.management.jmxremote.ssl=false -Dtheplatform.log.dir=/var/log/app -Djava.library.path=/app/jetty-cds/lib/ext -Xmx1024m -Xms1024m -XX:MaxPermSize=128m -XX:NewSize=256m -XX:MaxNewSize=256M -XX:+UseConcMarkSweepGC -XX:+CMSPermGenSweepingEnabled -XX:+CMSClassUnloadingEnabled -Djetty.home=/app/jetty-cds -Djetty.config=/app/jetty-cds/config -jar /app/jetty-cds/start.jar /app/jetty-cds/etc/jetty-setuid.xml /app/jetty-cds/etc/jetty.xml
SEA1TPMGMT02,8004,jetty-cds,/usr/java/latest/bin/java -Dcom.sun.management.jmxremote -Dcom.sun.management.jmxremote.port=8004 -Dcom.sun.management.jmxremote.authenticate=false -Dcom.sun.management.jmxremote.ssl=false -Dtheplatform.log.dir=/var/log/app -Djava.library.path=/app/jetty-cds/lib/ext -Xmx1024m -Xms1024m -XX:MaxPermSize=128m -XX:NewSize=256m -XX:MaxNewSize=256M -XX:+UseConcMarkSweepGC -XX:+CMSPermGenSweepingEnabled -XX:+CMSClassUnloadingEnabled -Djetty.home=/app/jetty-cds -Djetty.config=/app/jetty-cds/config -jar /app/jetty-cds/start.jar /app/jetty-cds/etc/jetty-setuid.xml /app/jetty-cds/etc/jetty.xml
SEA1TPMGMT02,8005,jetty-console,/usr/java/latest/bin/java -Dcom.sun.management.jmxremote -Dcom.sun.management.jmxremote.port=8005 -Dcom.sun.management.jmxremote.authenticate=false -Dcom.sun.management.jmxremote.ssl=false -Dtheplatform.log.dir=/var/log/app -Djava.library.path=/app/jetty-console/lib/ext -Xmx2048m -Xms2048m -XX:MaxPermSize=128m -XX:NewSize=512m -XX:MaxNewSize=512M -XX:+UseConcMarkSweepGC -XX:+CMSPermGenSweepingEnabled -XX:+CMSClassUnloadingEnabled -Djetty.home=/app/jetty-console -Djetty.config=/app/jetty-console/config -jar /app/jetty-console/start.jar /app/jetty-console/etc/jetty-setuid.xml /app/jetty-console/etc/jetty.xml
SEA1TPMGMT03,8004,jetty-cds,/usr/java/latest/bin/java -Dcom.sun.management.jmxremote -Dcom.sun.management.jmxremote.port=8004 -Dcom.sun.management.jmxremote.authenticate=false -Dcom.sun.management.jmxremote.ssl=false -Dtheplatform.log.dir=/var/log/app -Djava.library.path=/app/jetty-cds/lib/ext -Xmx1024m -Xms1024m -XX:MaxPermSize=128m -XX:NewSize=256m -XX:MaxNewSize=256M -XX:+UseConcMarkSweepGC -XX:+CMSPermGenSweepingEnabled -XX:+CMSClassUnloadingEnabled -Djetty.home=/app/jetty-cds -Djetty.config=/app/jetty-cds/config -jar /app/jetty-cds/start.jar /app/jetty-cds/etc/jetty-setuid.xml /app/jetty-cds/etc/jetty.xml
SEA1TPMGMT03,8005,jetty-console,/usr/java/latest/bin/java -Dcom.sun.management.jmxremote -Dcom.sun.management.jmxremote.port=8005 -Dcom.sun.management.jmxremote.authenticate=false -Dcom.sun.management.jmxremote.ssl=false -Dtheplatform.log.dir=/var/log/app -Djava.library.path=/app/jetty-console/lib/ext -Xmx2048m -Xms2048m -XX:MaxPermSize=128m -XX:NewSize=512m -XX:MaxNewSize=512M -XX:+UseConcMarkSweepGC -XX:+CMSPermGenSweepingEnabled -XX:+CMSClassUnloadingEnabled -Djetty.home=/app/jetty-console -Djetty.config=/app/jetty-console/config -jar /app/jetty-console/start.jar /app/jetty-console/etc/jetty-setuid.xml /app/jetty-console/etc/jetty.xml
sea1tprights01,8007,jetty-cim-license,/usr/java/latest/bin/java -Dcom.sun.management.jmxremote -Dcom.sun.management.jmxremote.port=8007 -Dcom.sun.management.jmxremote.authenticate=false -Dcom.sun.management.jmxremote.ssl=false -Dtheplatform.log.dir=/var/log/app/cim -Djava.library.path=/app/jetty-cim-license/lib/ext -Xmx512m -Xms512m -XX:MaxPermSize=512m -XX:NewSize=256m -XX:MaxNewSize=512M -XX:+UseConcMarkSweepGC -XX:+CMSPermGenSweepingEnabled -XX:+CMSClassUnloadingEnabled -Djetty.home=/app/jetty-cim-license -Djetty.config=/app/jetty-cim-license/config -jar /app/jetty-cim-license/start.jar /app/jetty-cim-license/etc/jetty-setuid.xml /app/jetty-cim-license/etc/jetty-cim-license.xml
sea1tprights01,8004,jetty-drm,/usr/java/latest/bin/java -Dcom.sun.management.jmxremote -Dcom.sun.management.jmxremote.port=8004 -Dcom.sun.management.jmxremote.authenticate=false -Dcom.sun.management.jmxremote.ssl=false -Dtheplatform.log.dir=/var/log/app -Djava.library.path=/app/jetty-drm/lib/ext -Xmx1024m -Xms1024m -XX:MaxPermSize=192m -XX:NewSize=256m -XX:MaxNewSize=512M -XX:+UseConcMarkSweepGC -XX:+CMSPermGenSweepingEnabled -XX:+CMSClassUnloadingEnabled -Dloglogic.server=sea1logs01.sea1.com -Djetty.home=/app/jetty-drm -Djetty.config=/app/jetty-drm/config -jar /app/jetty-drm/start.jar /app/jetty-drm/etc/jetty-setuid.xml /app/jetty-drm/etc/jetty.xml
sea1tprights01,8006,jetty-license,/usr/java/latest/bin/java -Dcom.sun.management.jmxremote -Dcom.sun.management.jmxremote.port=8006 -Dcom.sun.management.jmxremote.authenticate=false -Dcom.sun.management.jmxremote.ssl=false -Dtheplatform.log.dir=/var/log/app -Djava.library.path=/app/jetty-license/lib/ext -Xmx1024m -Xms1024m -XX:MaxPermSize=512m -XX:NewSize=256m -XX:MaxNewSize=512M -XX:+UseConcMarkSweepGC -XX:+CMSPermGenSweepingEnabled -XX:+CMSClassUnloadingEnabled -Djetty.home=/app/jetty-license -Djetty.config=/app/jetty-license/config -jar /app/jetty-license/start.jar /app/jetty-license/etc/jetty-setuid.xml /app/jetty-license/etc/jetty-license.xml
sea1tprights01,8005,jetty-entitlement,/usr/java/latest/bin/java -Dcom.sun.management.jmxremote -Dcom.sun.management.jmxremote.port=8005 -Dcom.sun.management.jmxremote.authenticate=false -Dcom.sun.management.jmxremote.ssl=false -Dtheplatform.log.dir=/var/log/app -Djava.library.path=/app/jetty-entitlement/lib/ext -Xmx1024m -Xms1024m -XX:MaxPermSize=192m -XX:NewSize=256m -XX:MaxNewSize=512M -XX:+UseConcMarkSweepGC -XX:+CMSPermGenSweepingEnabled -XX:+CMSClassUnloadingEnabled -Dloglogic.server=sea1logs01.sea1.com -Djetty.home=/app/jetty-entitlement -Djetty.config=/app/jetty-entitlement/config -jar /app/jetty-entitlement/start.jar /app/jetty-entitlement/etc/jetty-setuid.xml /app/jetty-entitlement/etc/jetty.xml
sea1tprights02,8004,jetty-drm,/usr/java/latest/bin/java -Dcom.sun.management.jmxremote -Dcom.sun.management.jmxremote.port=8004 -Dcom.sun.management.jmxremote.authenticate=false -Dcom.sun.management.jmxremote.ssl=false -Dtheplatform.log.dir=/var/log/app -Djava.library.path=/app/jetty-drm/lib/ext -Xmx1024m -Xms1024m -XX:MaxPermSize=192m -XX:NewSize=256m -XX:MaxNewSize=512M -XX:+UseConcMarkSweepGC -XX:+CMSPermGenSweepingEnabled -XX:+CMSClassUnloadingEnabled -Dloglogic.server=sea1logs01.sea1.com -Djetty.home=/app/jetty-drm -Djetty.config=/app/jetty-drm/config -jar /app/jetty-drm/start.jar /app/jetty-drm/etc/jetty-setuid.xml /app/jetty-drm/etc/jetty.xml
sea1tprights02,8006,jetty-license,/usr/java/latest/bin/java -Dcom.sun.management.jmxremote -Dcom.sun.management.jmxremote.port=8006 -Dcom.sun.management.jmxremote.authenticate=false -Dcom.sun.management.jmxremote.ssl=false -Dtheplatform.log.dir=/var/log/app -Djava.library.path=/app/jetty-license/lib/ext -Xmx1024m -Xms1024m -XX:MaxPermSize=512m -XX:NewSize=256m -XX:MaxNewSize=512M -XX:+UseConcMarkSweepGC -XX:+CMSPermGenSweepingEnabled -XX:+CMSClassUnloadingEnabled -Djetty.home=/app/jetty-license -Djetty.config=/app/jetty-license/config -jar /app/jetty-license/start.jar /app/jetty-license/etc/jetty-setuid.xml /app/jetty-license/etc/jetty-license.xml
sea1tprights02,8007,jetty-cim-license,/usr/java/latest/bin/java -Dcom.sun.management.jmxremote -Dcom.sun.management.jmxremote.port=8007 -Dcom.sun.management.jmxremote.authenticate=false -Dcom.sun.management.jmxremote.ssl=false -Dtheplatform.log.dir=/var/log/app/cim -Djava.library.path=/app/jetty-cim-license/lib/ext -Xmx512m -Xms512m -XX:MaxPermSize=512m -XX:NewSize=256m -XX:MaxNewSize=512M -XX:+UseConcMarkSweepGC -XX:+CMSPermGenSweepingEnabled -XX:+CMSClassUnloadingEnabled -Djetty.home=/app/jetty-cim-license -Djetty.config=/app/jetty-cim-license/config -jar /app/jetty-cim-license/start.jar /app/jetty-cim-license/etc/jetty-setuid.xml /app/jetty-cim-license/etc/jetty-cim-license.xml
sea1tprights02,8005,jetty-entitlement,/usr/java/latest/bin/java -Dcom.sun.management.jmxremote -Dcom.sun.management.jmxremote.port=8005 -Dcom.sun.management.jmxremote.authenticate=false -Dcom.sun.management.jmxremote.ssl=false -Dtheplatform.log.dir=/var/log/app -Djava.library.path=/app/jetty-entitlement/lib/ext -Xmx1024m -Xms1024m -XX:MaxPermSize=192m -XX:NewSize=256m -XX:MaxNewSize=512M -XX:+UseConcMarkSweepGC -XX:+CMSPermGenSweepingEnabled -XX:+CMSClassUnloadingEnabled -Dloglogic.server=sea1logs01.sea1.com -Djetty.home=/app/jetty-entitlement -Djetty.config=/app/jetty-entitlement/config -jar /app/jetty-entitlement/start.jar /app/jetty-entitlement/etc/jetty-setuid.xml /app/jetty-entitlement/etc/jetty.xml
sea1tprights03,8006,jetty-license,/usr/java/latest/bin/java -Dcom.sun.management.jmxremote -Dcom.sun.management.jmxremote.port=8006 -Dcom.sun.management.jmxremote.authenticate=false -Dcom.sun.management.jmxremote.ssl=false -Dtheplatform.log.dir=/var/log/app -Djava.library.path=/app/jetty-license/lib/ext -Xmx1024m -Xms1024m -XX:MaxPermSize=512m -XX:NewSize=256m -XX:MaxNewSize=512M -XX:+UseConcMarkSweepGC -XX:+CMSPermGenSweepingEnabled -XX:+CMSClassUnloadingEnabled -Djetty.home=/app/jetty-license -Djetty.config=/app/jetty-license/config -jar /app/jetty-license/start.jar /app/jetty-license/etc/jetty-setuid.xml /app/jetty-license/etc/jetty-license.xml
sea1tprights03,8005,jetty-entitlement,/usr/java/latest/bin/java -Dcom.sun.management.jmxremote -Dcom.sun.management.jmxremote.port=8005 -Dcom.sun.management.jmxremote.authenticate=false -Dcom.sun.management.jmxremote.ssl=false -Dtheplatform.log.dir=/var/log/app -Djava.library.path=/app/jetty-entitlement/lib/ext -Xmx1024m -Xms1024m -XX:MaxPermSize=192m -XX:NewSize=256m -XX:MaxNewSize=512M -XX:+UseConcMarkSweepGC -XX:+CMSPermGenSweepingEnabled -XX:+CMSClassUnloadingEnabled -Dloglogic.server=sea1logs01.sea1.com -Djetty.home=/app/jetty-entitlement -Djetty.config=/app/jetty-entitlement/config -jar /app/jetty-entitlement/start.jar /app/jetty-entitlement/etc/jetty-setuid.xml /app/jetty-entitlement/etc/jetty.xml
sea1tprights03,8004,jetty-drm,/usr/java/latest/bin/java -Dcom.sun.management.jmxremote -Dcom.sun.management.jmxremote.port=8004 -Dcom.sun.management.jmxremote.authenticate=false -Dcom.sun.management.jmxremote.ssl=false -Dtheplatform.log.dir=/var/log/app -Djava.library.path=/app/jetty-drm/lib/ext -Xmx1024m -Xms1024m -XX:MaxPermSize=192m -XX:NewSize=256m -XX:MaxNewSize=512M -XX:+UseConcMarkSweepGC -XX:+CMSPermGenSweepingEnabled -XX:+CMSClassUnloadingEnabled -Dloglogic.server=sea1logs01.sea1.com -Djetty.home=/app/jetty-drm -Djetty.config=/app/jetty-drm/config -jar /app/jetty-drm/start.jar /app/jetty-drm/etc/jetty-setuid.xml /app/jetty-drm/etc/jetty.xml
sea1tprights03,8007,jetty-cim-license,/usr/java/latest/bin/java -Dcom.sun.management.jmxremote -Dcom.sun.management.jmxremote.port=8007 -Dcom.sun.management.jmxremote.authenticate=false -Dcom.sun.management.jmxremote.ssl=false -Dtheplatform.log.dir=/var/log/app/cim -Djava.library.path=/app/jetty-cim-license/lib/ext -Xmx512m -Xms512m -XX:MaxPermSize=512m -XX:NewSize=256m -XX:MaxNewSize=512M -XX:+UseConcMarkSweepGC -XX:+CMSPermGenSweepingEnabled -XX:+CMSClassUnloadingEnabled -Djetty.home=/app/jetty-cim-license -Djetty.config=/app/jetty-cim-license/config -jar /app/jetty-cim-license/start.jar /app/jetty-cim-license/etc/jetty-setuid.xml /app/jetty-cim-license/etc/jetty-cim-license.xml
sea1tprights91,8006,jetty-license,/usr/java/latest/bin/java -Dcom.sun.management.jmxremote -Dcom.sun.management.jmxremote.port=8006 -Dcom.sun.management.jmxremote.authenticate=false -Dcom.sun.management.jmxremote.ssl=false -Dtheplatform.log.dir=/var/log/app -Djava.library.path=/app/jetty-license/lib/ext -Xmx256m -Xms256m -XX:MaxPermSize=512m -XX:NewSize=128m -XX:MaxNewSize=512M -XX:+UseConcMarkSweepGC -XX:+CMSPermGenSweepingEnabled -XX:+CMSClassUnloadingEnabled -Djetty.home=/app/jetty-license -Djetty.config=/app/jetty-license/config -jar /app/jetty-license/start.jar /app/jetty-license/etc/jetty-setuid.xml /app/jetty-license/etc/jetty-license.xml
sea1tprights91,8004,jetty-drm,/usr/java/latest/bin/java -Dcom.sun.management.jmxremote -Dcom.sun.management.jmxremote.port=8004 -Dcom.sun.management.jmxremote.authenticate=false -Dcom.sun.management.jmxremote.ssl=false -Dtheplatform.log.dir=/var/log/app -Djava.library.path=/app/jetty-drm/lib/ext -Xmx1024m -Xms1024m -XX:MaxPermSize=192m -XX:NewSize=256m -XX:MaxNewSize=512M -XX:+UseConcMarkSweepGC -XX:+CMSPermGenSweepingEnabled -XX:+CMSClassUnloadingEnabled -Dloglogic.server=sea1logs01.sea1.com -Djetty.home=/app/jetty-drm -Djetty.config=/app/jetty-drm/config -jar /app/jetty-drm/start.jar /app/jetty-drm/etc/jetty-setuid.xml /app/jetty-drm/etc/jetty.xml
sea1tprights91,8007,jetty-cim-license,/usr/java/latest/bin/java -Dcom.sun.management.jmxremote -Dcom.sun.management.jmxremote.port=8007 -Dcom.sun.management.jmxremote.authenticate=false -Dcom.sun.management.jmxremote.ssl=false -Dtheplatform.log.dir=/var/log/app/cim -Djava.library.path=/app/jetty-cim-license/lib/ext -Xmx512m -Xms512m -XX:MaxPermSize=512m -XX:NewSize=256m -XX:MaxNewSize=512M -XX:+UseConcMarkSweepGC -XX:+CMSPermGenSweepingEnabled -XX:+CMSClassUnloadingEnabled -Djetty.home=/app/jetty-cim-license -Djetty.config=/app/jetty-cim-license/config -jar /app/jetty-cim-license/start.jar /app/jetty-cim-license/etc/jetty-setuid.xml /app/jetty-cim-license/etc/jetty-cim-license.xml
sea1tprights91,8005,jetty-entitlement,/usr/java/latest/bin/java -Dcom.sun.management.jmxremote -Dcom.sun.management.jmxremote.port=8005 -Dcom.sun.management.jmxremote.authenticate=false -Dcom.sun.management.jmxremote.ssl=false -Dtheplatform.log.dir=/var/log/app -Djava.library.path=/app/jetty-entitlement/lib/ext -Xmx2048m -Xms2048m -XX:MaxPermSize=192m -XX:NewSize=256m -XX:MaxNewSize=512M -XX:+UseConcMarkSweepGC -XX:+CMSPermGenSweepingEnabled -XX:+CMSClassUnloadingEnabled -Dloglogic.server=sea1logs01.sea1.com -Djetty.home=/app/jetty-entitlement -Djetty.config=/app/jetty-entitlement/config -jar /app/jetty-entitlement/start.jar /app/jetty-entitlement/etc/jetty-setuid.xml /app/jetty-entitlement/etc/jetty.xml
sea1tpcmrc01,8001,/app/shipment-daemon/pl-commerce-shipping-fulfillment.jar,/usr/java/latest/bin/java -jar -Dcom.sun.management.jmxremote -Dcom.sun.management.jmxremote.port=8001 -Dcom.sun.management.jmxremote.authenticate=false -Dcom.sun.management.jmxremote.ssl=false -Dtheplatform.log.dir=/var/log/app /app/shipment-daemon/pl-commerce-shipping-fulfillment.jar
sea1tpcmrc01,8004,jetty-commerce,/usr/java/latest/bin/java -Dcom.sun.management.jmxremote -Dcom.sun.management.jmxremote.port=8004 -Dcom.sun.management.jmxremote.authenticate=false -Dcom.sun.management.jmxremote.ssl=false -Dtheplatform.log.dir=/var/log/app -Djava.library.path=/app/jetty-commerce/lib/ext -Xmx3072m -Xms3072m -XX:MaxPermSize=512m -XX:NewSize=128m -XX:MaxNewSize=512M -XX:+UseConcMarkSweepGC -XX:+CMSPermGenSweepingEnabled -XX:+CMSClassUnloadingEnabled -Dloglogic.server=sea1logs01.sea1.com -Djetty.home=/app/jetty-commerce -Djetty.config=/app/jetty-commerce/config -jar /app/jetty-commerce/start.jar /app/jetty-commerce/etc/jetty-setuid.xml /app/jetty-commerce/etc/jetty.xml
sea1tpcmrc02,8004,jetty-commerce,/usr/java/latest/bin/java -Dcom.sun.management.jmxremote -Dcom.sun.management.jmxremote.port=8004 -Dcom.sun.management.jmxremote.authenticate=false -Dcom.sun.management.jmxremote.ssl=false -Dtheplatform.log.dir=/var/log/app -Djava.library.path=/app/jetty-commerce/lib/ext -Xmx3072m -Xms3072m -XX:MaxPermSize=512m -XX:NewSize=128m -XX:MaxNewSize=512M -XX:+UseConcMarkSweepGC -XX:+CMSPermGenSweepingEnabled -XX:+CMSClassUnloadingEnabled -Dloglogic.server=sea1logs01.sea1.com -Djetty.home=/app/jetty-commerce -Djetty.config=/app/jetty-commerce/config -jar /app/jetty-commerce/start.jar /app/jetty-commerce/etc/jetty-setuid.xml /app/jetty-commerce/etc/jetty.xml
sea1tpcmrc91,8004,jetty-commerce,/usr/java/latest/bin/java -Dcom.sun.management.jmxremote -Dcom.sun.management.jmxremote.port=8004 -Dcom.sun.management.jmxremote.authenticate=false -Dcom.sun.management.jmxremote.ssl=false -Dtheplatform.log.dir=/var/log/app -Djava.library.path=/app/jetty-commerce/lib/ext -Xmx3072m -Xms3072m -XX:MaxPermSize=512m -XX:NewSize=128m -XX:MaxNewSize=512M -XX:+UseConcMarkSweepGC -XX:+CMSPermGenSweepingEnabled -XX:+CMSClassUnloadingEnabled -Dloglogic.server=sea1logs01.sea1.com -Djetty.home=/app/jetty-commerce -Djetty.config=/app/jetty-commerce/config -jar /app/jetty-commerce/start.jar /app/jetty-commerce/etc/jetty-setuid.xml /app/jetty-commerce/etc/jetty.xml
sea1tpchkout01,8004,jetty-checkout,/usr/java/latest/bin/java -Dcom.sun.management.jmxremote -Dcom.sun.management.jmxremote.port=8004 -Dcom.sun.management.jmxremote.authenticate=false -Dcom.sun.management.jmxremote.ssl=false -Dtheplatform.log.dir=/var/log/app -Djava.library.path=/app/jetty-checkout/lib/ext -Xmx1536m -Xms1536m -XX:MaxPermSize=192m -XX:NewSize=128m -XX:MaxNewSize=512M -XX:+UseConcMarkSweepGC -XX:+CMSPermGenSweepingEnabled -XX:+CMSClassUnloadingEnabled -Dloglogic.server=sea1logs01.sea1.com -Djetty.home=/app/jetty-checkout -Djetty.config=/app/jetty-checkout/config -jar /app/jetty-checkout/start.jar /app/jetty-checkout/etc/jetty-setuid.xml /app/jetty-checkout/etc/jetty.xml
sea1tpchkout02,8004,jetty-checkout,/usr/java/latest/bin/java -Dcom.sun.management.jmxremote -Dcom.sun.management.jmxremote.port=8004 -Dcom.sun.management.jmxremote.authenticate=false -Dcom.sun.management.jmxremote.ssl=false -Dtheplatform.log.dir=/var/log/app -Djava.library.path=/app/jetty-checkout/lib/ext -Xmx1536m -Xms1536m -XX:MaxPermSize=192m -XX:NewSize=128m -XX:MaxNewSize=512M -XX:+UseConcMarkSweepGC -XX:+CMSPermGenSweepingEnabled -XX:+CMSClassUnloadingEnabled -Dloglogic.server=sea1logs01.sea1.com -Djetty.home=/app/jetty-checkout -Djetty.config=/app/jetty-checkout/config -jar /app/jetty-checkout/start.jar /app/jetty-checkout/etc/jetty-setuid.xml /app/jetty-checkout/etc/jetty.xml
sea1tpfeedrdr01,8082,jetty-autopublish,/usr/java/latest/bin/java -Djava.library.path=/app/jetty-autopublish/lib/ext -Dtheplatform.log.dir=/var/log/app -Djetty.port=8082 -Xmx384m -Xms384m -XX:MaxPermSize=192m -XX:NewSize=256m -XX:MaxNewSize=384M -XX:+UseConcMarkSweepGC -XX:+CMSPermGenSweepingEnabled -XX:+CMSClassUnloadingEnabled -Dcom.sun.management.jmxremote -Dcom.sun.management.jmxremote.port=8006 -Dcom.sun.management.jmxremote.authenticate=false -Dcom.sun.management.jmxremote.ssl=false -Djetty.home=/app/jetty-autopublish -jar /app/jetty-autopublish/start.jar /app/jetty-autopublish/etc/jetty-setuid.xml /app/jetty-autopublish/etc/jetty-autopublish.xml
sea1tpfeedrdr01,___,___,/bin/bash ./runFeedReaderAgent.sh
sea1tpfeedrdr01,8005,./target/pl-ingest-service-feedreader-app.jar,java -DconfigDirectory=./config -Dlogback.configurationFile=./config/logback.xml -Dcom.sun.management.jmxremote -Dcom.sun.management.jmxremote.port=8005 -Dcom.sun.management.jmxremote.authenticate=false -Dcom.sun.management.jmxremote.ssl=false -Xdebug -Xrunjdwp:transport=dt_socket,server=y,suspend=n,address=5007 -classpath ./target/pl-ingest-service-feedreader-app.jar:./target/dependency/*:./target/config com.theplatform.ingest.service.feedreader.FeedReaderRunner
sea1tpfeedrdr01,8004,jetty-feedrdr,/usr/java/latest/bin/java -Dcom.sun.management.jmxremote -Dcom.sun.management.jmxremote.port=8004 -Dcom.sun.management.jmxremote.authenticate=false -Dcom.sun.management.jmxremote.ssl=false -Dtheplatform.log.dir=/var/log/app -Dlogback.configurationFile=file:/app/jetty-feedrdr/config/logback.xml -Djava.library.path=/app/jetty-feedrdr/lib/ext -Xmx768m -Xms768m -XX:MaxPermSize=128m -XX:NewSize=128m -XX:MaxNewSize=512M -XX:+UseConcMarkSweepGC -XX:+CMSPermGenSweepingEnabled -XX:+CMSClassUnloadingEnabled -Djetty.home=/app/jetty-feedrdr -Djetty.config=/app/jetty-feedrdr/config -jar /app/jetty-feedrdr/start.jar /app/jetty-feedrdr/etc/jetty-setuid.xml /app/jetty-feedrdr/etc/jetty-feedrdr.xml
sea1tpfeedrdr02,8082,jetty-autopublish,/usr/java/latest/bin/java -Djava.library.path=/app/jetty-autopublish/lib/ext -Dtheplatform.log.dir=/var/log/app -Djetty.port=8082 -Xmx384m -Xms384m -XX:MaxPermSize=192m -XX:NewSize=256m -XX:MaxNewSize=384M -XX:+UseConcMarkSweepGC -XX:+CMSPermGenSweepingEnabled -XX:+CMSClassUnloadingEnabled -Dcom.sun.management.jmxremote -Dcom.sun.management.jmxremote.port=8006 -Dcom.sun.management.jmxremote.authenticate=false -Dcom.sun.management.jmxremote.ssl=false -Djetty.home=/app/jetty-autopublish -jar /app/jetty-autopublish/start.jar /app/jetty-autopublish/etc/jetty-setuid.xml /app/jetty-autopublish/etc/jetty-autopublish.xml
sea1tpfeedrdr02,___,___,/bin/bash ./runFeedReaderAgent.sh
sea1tpfeedrdr02,8005,./target/pl-ingest-service-feedreader-app.jar,java -DconfigDirectory=./config -Dlogback.configurationFile=./config/logback.xml -Dcom.sun.management.jmxremote -Dcom.sun.management.jmxremote.port=8005 -Dcom.sun.management.jmxremote.authenticate=false -Dcom.sun.management.jmxremote.ssl=false -Xdebug -Xrunjdwp:transport=dt_socket,server=y,suspend=n,address=5007 -classpath ./target/pl-ingest-service-feedreader-app.jar:./target/dependency/*:./target/config com.theplatform.ingest.service.feedreader.FeedReaderRunner
sea1tpfeedrdr02,8004,jetty-feedrdr,/usr/java/latest/bin/java -Dcom.sun.management.jmxremote -Dcom.sun.management.jmxremote.port=8004 -Dcom.sun.management.jmxremote.authenticate=false -Dcom.sun.management.jmxremote.ssl=false -Dtheplatform.log.dir=/var/log/app -Dlogback.configurationFile=file:/app/jetty-feedrdr/config/logback.xml -Djava.library.path=/app/jetty-feedrdr/lib/ext -Xmx768m -Xms768m -XX:MaxPermSize=128m -XX:NewSize=128m -XX:MaxNewSize=512M -XX:+UseConcMarkSweepGC -XX:+CMSPermGenSweepingEnabled -XX:+CMSClassUnloadingEnabled -Djetty.home=/app/jetty-feedrdr -Djetty.config=/app/jetty-feedrdr/config -jar /app/jetty-feedrdr/start.jar /app/jetty-feedrdr/etc/jetty-setuid.xml /app/jetty-feedrdr/etc/jetty-feedrdr.xml
